"product name","category","brand","sku","price","sale price","short description","detailed description","product image"
"Baja Splash Lost Mary MT35000 Turbo","Disposable Nicotine Vapes","LOST MARY","LMMT35K-BJS","27.00","","Experience the next level of disposable vaping with the Lost Mary MT35000 Turbo. Featuring an unprecedented 35,000 Puffs (Smooth Mode), a smart blend-in display, dual power modes (Smooth/Turbo), an 18mL e-liquid capacity, and a 1000mAh rechargeable battery. Available now at Z SMOKE SHOP in Austin, TX!","The Baja Splash Lost Mary MT35000 Turbo is now available at Z SMOKE SHOP in Austin, TX! This cutting-edge disposable vape offers two power modes: Smooth Mode for up to 35,000 puffs of tropical fruit flavor, or Turbo Mode for a warmer, intense hit. Pre-filled with 18mL of 5% nicotine salt and powered by a 1000mAh rechargeable battery, the MT35K features a Dual Mesh Coil for 90% flavor consistency and a discrete Blend-in Smart Display. Visit Z SMOKE SHOP at 719 W William Cannon Dr #105, Austin, TX 78745 and get the Baja Splash MT35000 Turbo for only $27.00 today!",""
"Berry Burst Lost Mary MT35000 Turbo","Disposable Nicotine Vapes","LOST MARY","LMMT35K-BRB","27.00","","Experience the next level of disposable vaping with the Lost Mary MT35000 Turbo. Featuring an unprecedented 35,000 Puffs (Smooth Mode), a smart blend-in display, dual power modes (Smooth/Turbo), an 18mL e-liquid capacity, and a 1000mAh rechargeable battery. Available now at Z SMOKE SHOP in Austin, TX!","The Berry Burst Lost Mary MT35000 Turbo is now available at Z SMOKE SHOP in Austin, TX! This cutting-edge disposable vape offers two power modes: Smooth Mode for up to 35,000 puffs of mixed juicy berry flavor, or Turbo Mode for a warmer, intense hit. Pre-filled with 18mL of 5% nicotine salt and powered by a 1000mAh rechargeable battery, the MT35K features a Dual Mesh Coil for 90% flavor consistency and a discrete Blend-in Smart Display. Visit Z SMOKE SHOP at 719 W William Cannon Dr #105, Austin, TX 78745 and get the Berry Burst MT35000 Turbo for only $27.00 today!",""
"Black Mint+ Lost Mary MT35000 Turbo","Disposable Nicotine Vapes","LOST MARY","LMMT35K-BKM","27.00","","Experience the next level of disposable vaping with the Lost Mary MT35000 Turbo. Featuring an unprecedented 35,000 Puffs (Smooth Mode), a smart blend-in display, dual power modes (Smooth/Turbo), an 18mL e-liquid capacity, and a 1000mAh rechargeable battery. Available now at Z SMOKE SHOP in Austin, TX!","The Black Mint+ Lost Mary MT35000 Turbo is now available at Z SMOKE SHOP in Austin, TX! This cutting-edge disposable vape offers two power modes: Smooth Mode for up to 35,000 puffs of bold icy mint with a dark berry undertone, or Turbo Mode for a warmer, intense hit. Pre-filled with 18mL of 5% nicotine salt and powered by a 1000mAh rechargeable battery, the MT35K features a Dual Mesh Coil for 90% flavor consistency and a discrete Blend-in Smart Display. Visit Z SMOKE SHOP at 719 W William Cannon Dr #105, Austin, TX 78745 and get the Black Mint+ MT35000 Turbo for only $27.00 today!",""
"Black Razz Lemon Lost Mary MT35000 Turbo","Disposable Nicotine Vapes","LOST MARY","LMMT35K-BRL","27.00","","Experience the next level of disposable vaping with the Lost Mary MT35000 Turbo. Featuring an unprecedented 35,000 Puffs (Smooth Mode), a smart blend-in display, dual power modes (Smooth/Turbo), an 18mL e-liquid capacity, and a 1000mAh rechargeable battery. Available now at Z SMOKE SHOP in Austin, TX!","The Black Razz Lemon Lost Mary MT35000 Turbo is now available at Z SMOKE SHOP in Austin, TX! This cutting-edge disposable vape offers two power modes: Smooth Mode for up to 35,000 puffs of tart black raspberry and zesty lemon flavor, or Turbo Mode for a warmer, intense hit. Pre-filled with 18mL of 5% nicotine salt and powered by a 1000mAh rechargeable battery, the MT35K features a Dual Mesh Coil for 90% flavor consistency and a discrete Blend-in Smart Display. Visit Z SMOKE SHOP at 719 W William Cannon Dr #105, Austin, TX 78745 and get the Black Razz Lemon MT35000 Turbo for only $27.00 today!",""
"Blackberry Blueberry+ Lost Mary MT35000 Turbo","Disposable Nicotine Vapes","LOST MARY","LMMT35K-BBB","27.00","","Experience the next level of disposable vaping with the Lost Mary MT35000 Turbo. Featuring an unprecedented 35,000 Puffs (Smooth Mode), a smart blend-in display, dual power modes (Smooth/Turbo), an 18mL e-liquid capacity, and a 1000mAh rechargeable battery. Available now at Z SMOKE SHOP in Austin, TX!","The Blackberry Blueberry+ Lost Mary MT35000 Turbo is now available at Z SMOKE SHOP in Austin, TX! This cutting-edge disposable vape offers two power modes: Smooth Mode for up to 35,000 puffs of sweet blackberry and dank blueberry flavor, or Turbo Mode for a warmer, intense hit. Pre-filled with 18mL of 5% nicotine salt and powered by a 1000mAh rechargeable battery, the MT35K features a Dual Mesh Coil for 90% flavor consistency and a discrete Blend-in Smart Display. Visit Z SMOKE SHOP at 719 W William Cannon Dr #105, Austin, TX 78745 and get the Blackberry Blueberry+ MT35000 Turbo for only $27.00 today!",""
"Blue Razz Ice Lost Mary MT35000 Turbo","Disposable Nicotine Vapes","LOST MARY","LMMT35K-BRI","27.00","","Experience the next level of disposable vaping with the Lost Mary MT35000 Turbo. Featuring an unprecedented 35,000 Puffs (Smooth Mode), a smart blend-in display, dual power modes (Smooth/Turbo), an 18mL e-liquid capacity, and a 1000mAh rechargeable battery. Available now at Z SMOKE SHOP in Austin, TX!","The Blue Razz Ice Lost Mary MT35000 Turbo is now available at Z SMOKE SHOP in Austin, TX! This cutting-edge disposable vape offers two power modes: Smooth Mode for up to 35,000 puffs of sweet blue raspberry with a frosty menthol finish, or Turbo Mode for a warmer, intense hit. Pre-filled with 18mL of 5% nicotine salt and powered by a 1000mAh rechargeable battery, the MT35K features a Dual Mesh Coil for 90% flavor consistency and a discrete Blend-in Smart Display. Visit Z SMOKE SHOP at 719 W William Cannon Dr #105, Austin, TX 78745 and get the Blue Razz Ice MT35000 Turbo for only $27.00 today!",""
"Blue Razz Lemonade Lost Mary MT35000 Turbo","Disposable Nicotine Vapes","LOST MARY","LMMT35K-BRLD","27.00","","Experience the next level of disposable vaping with the Lost Mary MT35000 Turbo. Featuring an unprecedented 35,000 Puffs (Smooth Mode), a smart blend-in display, dual power modes (Smooth/Turbo), an 18mL e-liquid capacity, and a 1000mAh rechargeable battery. Available now at Z SMOKE SHOP in Austin, TX!","The Blue Razz Lemonade Lost Mary MT35000 Turbo is now available at Z SMOKE SHOP in Austin, TX! This cutting-edge disposable vape offers two power modes: Smooth Mode for up to 35,000 puffs of classic blue raspberry and fizzy lemonade flavor, or Turbo Mode for a warmer, intense hit. Pre-filled with 18mL of 5% nicotine salt and powered by a 1000mAh rechargeable battery, the MT35K features a Dual Mesh Coil for 90% flavor consistency and a discrete Blend-in Smart Display. Visit Z SMOKE SHOP at 719 W William Cannon Dr #105, Austin, TX 78745 and get the Blue Razz Lemonade MT35000 Turbo for only $27.00 today!",""
"Classic Tobacco Lost Mary MT35000 Turbo","Disposable Nicotine Vapes","LOST MARY","LMMT35K-CTB","27.00","","Experience the next level of disposable vaping with the Lost Mary MT35000 Turbo. Featuring an unprecedented 35,000 Puffs (Smooth Mode), a smart blend-in display, dual power modes (Smooth/Turbo), an 18mL e-liquid capacity, and a 1000mAh rechargeable battery. Available now at Z SMOKE SHOP in Austin, TX!","The Classic Tobacco Lost Mary MT35000 Turbo is now available at Z SMOKE SHOP in Austin, TX! This cutting-edge disposable vape offers two power modes: Smooth Mode for up to 35,000 puffs of rich, traditional tobacco flavor, or Turbo Mode for a warmer, intense hit. Pre-filled with 18mL of 5% nicotine salt and powered by a 1000mAh rechargeable battery, the MT35K features a Dual Mesh Coil for 90% flavor consistency and a discrete Blend-in Smart Display. Visit Z SMOKE SHOP at 719 W William Cannon Dr #105, Austin, TX 78745 and get the Classic Tobacco MT35000 Turbo for only $27.00 today!",""
"Clear Lost Mary MT35000 Turbo","Disposable Nicotine Vapes","LOST MARY","LMMT35K-CLR","27.00","","Experience the next level of disposable vaping with the Lost Mary MT35000 Turbo. Featuring an unprecedented 35,000 Puffs (Smooth Mode), a smart blend-in display, dual power modes (Smooth/Turbo), an 18mL e-liquid capacity, and a 1000mAh rechargeable battery. Available now at Z SMOKE SHOP in Austin, TX!","The Clear Lost Mary MT35000 Turbo is now available at Z SMOKE SHOP in Austin, TX! This cutting-edge disposable vape offers two power modes: Smooth Mode for up to 35,000 puffs of pure, unflavored vapor, or Turbo Mode for a warmer, intense hit. Pre-filled with 18mL of 5% nicotine salt and powered by a 1000mAh rechargeable battery, the MT35K features a Dual Mesh Coil for 90% flavor consistency and a discrete Blend-in Smart Display. Visit Z SMOKE SHOP at 719 W William Cannon Dr #105, Austin, TX 78745 and get the Clear MT35000 Turbo for only $27.00 today!",""
"Golden Berry Lost Mary MT35000 Turbo","Disposable Nicotine Vapes","LOST MARY","LMMT35K-GDB","27.00","","Experience the next level of disposable vaping with the Lost Mary MT35000 Turbo. Featuring an unprecedented 35,000 Puffs (Smooth Mode), a smart blend-in display, dual power modes (Smooth/Turbo), an 18mL e-liquid capacity, and a 1000mAh rechargeable battery. Available now at Z SMOKE SHOP in Austin, TX!","The Golden Berry Lost Mary MT35000 Turbo is now available at Z SMOKE SHOP in Austin, TX! This cutting-edge disposable vape offers two power modes: Smooth Mode for up to 35,000 puffs of sweet berry fusion flavor, or Turbo Mode for a warmer, intense hit. Pre-filled with 18mL of 5% nicotine salt and powered by a 1000mAh rechargeable battery, the MT35K features a Dual Mesh Coil for 90% flavor consistency and a discrete Blend-in Smart Display. Visit Z SMOKE SHOP at 719 W William Cannon Dr #105, Austin, TX 78745 and get the Golden Berry MT35000 Turbo for only $27.00 today!",""
"Half and Half Lost Mary MT35000 Turbo","Disposable Nicotine Vapes","LOST MARY","LMMT35K-HNH","27.00","","Experience the next level of disposable vaping with the Lost Mary MT35000 Turbo. Featuring an unprecedented 35,000 Puffs (Smooth Mode), a smart blend-in display, dual power modes (Smooth/Turbo), an 18mL e-liquid capacity, and a 1000mAh rechargeable battery. Available now at Z SMOKE SHOP in Austin, TX!","The Half and Half Lost Mary MT35000 Turbo is now available at Z SMOKE SHOP in Austin, TX! This cutting-edge disposable vape offers two power modes: Smooth Mode for up to 35,000 puffs of a refreshing dual-beverage flavor, or Turbo Mode for a warmer, intense hit. Pre-filled with 18mL of 5% nicotine salt and powered by a 1000mAh rechargeable battery, the MT35K features a Dual Mesh Coil for 90% flavor consistency and a discrete Blend-in Smart Display. Visit Z SMOKE SHOP at 719 W William Cannon Dr #105, Austin, TX 78745 and get the Half and Half MT35000 Turbo for only $27.00 today!",""
"Kiwi Passion Fruit Lost Mary MT35000 Turbo","Disposable Nicotine Vapes","LOST MARY","LMMT35K-KPF","27.00","","Experience the next level of disposable vaping with the Lost Mary MT35000 Turbo. Featuring an unprecedented 35,000 Puffs (Smooth Mode), a smart blend-in display, dual power modes (Smooth/Turbo), an 18mL e-liquid capacity, and a 1000mAh rechargeable battery. Available now at Z SMOKE SHOP in Austin, TX!","The Kiwi Passion Fruit Lost Mary MT35000 Turbo is now available at Z SMOKE SHOP in Austin, TX! This cutting-edge disposable vape offers two power modes: Smooth Mode for up to 35,000 puffs of exotic kiwi and tart passion fruit flavor, or Turbo Mode for a warmer, intense hit. Pre-filled with 18mL of 5% nicotine salt and powered by a 1000mAh rechargeable battery, the MT35K features a Dual Mesh Coil for 90% flavor consistency and a discrete Blend-in Smart Display. Visit Z SMOKE SHOP at 719 W William Cannon Dr #105, Austin, TX 78745 and get the Kiwi Passion Fruit MT35000 Turbo for only $27.00 today!",""
"Miami Mint Lost Mary MT35000 Turbo","Disposable Nicotine Vapes","LOST MARY","LMMT35K-MMT","27.00","","Experience the next level of disposable vaping with the Lost Mary MT35000 Turbo. Featuring an unprecedented 35,000 Puffs (Smooth Mode), a smart blend-in display, dual power modes (Smooth/Turbo), an 18mL e-liquid capacity, and a 1000mAh rechargeable battery. Available now at Z SMOKE SHOP in Austin, TX!","The Miami Mint Lost Mary MT35000 Turbo is now available at Z SMOKE SHOP in Austin, TX! This cutting-edge disposable vape offers two power modes: Smooth Mode for up to 35,000 puffs of refreshing, slightly sweet mint flavor, or Turbo Mode for a warmer, intense hit. Pre-filled with 18mL of 5% nicotine salt and powered by a 1000mAh rechargeable battery, the MT35K features a Dual Mesh Coil for 90% flavor consistency and a discrete Blend-in Smart Display. Visit Z SMOKE SHOP at 719 W William Cannon Dr #105, Austin, TX 78745 and get the Miami Mint MT35000 Turbo for only $27.00 today!",""
"Mint Lemonade Lost Mary MT35000 Turbo","Disposable Nicotine Vapes","LOST MARY","LMMT35K-MLD","27.00","","Experience the next level of disposable vaping with the Lost Mary MT35000 Turbo. Featuring an unprecedented 35,000 Puffs (Smooth Mode), a smart blend-in display, dual power modes (Smooth/Turbo), an 18mL e-liquid capacity, and a 1000mAh rechargeable battery. Available now at Z SMOKE SHOP in Austin, TX!","The Mint Lemonade Lost Mary MT35000 Turbo is now available at Z SMOKE SHOP in Austin, TX! This cutting-edge disposable vape offers two power modes: Smooth Mode for up to 35,000 puffs of cool mint mixed with zesty lemonade flavor, or Turbo Mode for a warmer, intense hit. Pre-filled with 18mL of 5% nicotine salt and powered by a 1000mAh rechargeable battery, the MT35K features a Dual Mesh Coil for 90% flavor consistency and a discrete Blend-in Smart Display. Visit Z SMOKE SHOP at 719 W William Cannon Dr #105, Austin, TX 78745 and get the Mint Lemonade MT35000 Turbo for only $27.00 today!",""
"Mountain Berry Lost Mary MT35000 Turbo","Disposable Nicotine Vapes","LOST MARY","LMMT35K-MTB","27.00","","Experience the next level of disposable vaping with the Lost Mary MT35000 Turbo. Featuring an unprecedented 35,000 Puffs (Smooth Mode), a smart blend-in display, dual power modes (Smooth/Turbo), an 18mL e-liquid capacity, and a 1000mAh rechargeable battery. Available now at Z SMOKE SHOP in Austin, TX!","The Mountain Berry Lost Mary MT35000 Turbo is now available at Z SMOKE SHOP in Austin, TX! This cutting-edge disposable vape offers two power modes: Smooth Mode for up to 35,000 puffs of wild, natural berry flavor, or Turbo Mode for a warmer, intense hit. Pre-filled with 18mL of 5% nicotine salt and powered by a 1000mAh rechargeable battery, the MT35K features a Dual Mesh Coil for 90% flavor consistency and a discrete Blend-in Smart Display. Visit Z SMOKE SHOP at 719 W William Cannon Dr #105, Austin, TX 78745 and get the Mountain Berry MT35000 Turbo for only $27.00 today!",""
"Orange Passion Mango Lost Mary MT35000 Turbo","Disposable Nicotine Vapes","LOST MARY","LMMT35K-OPM","27.00","","Experience the next level of disposable vaping with the Lost Mary MT35000 Turbo. Featuring an unprecedented 35,000 Puffs (Smooth Mode), a smart blend-in display, dual power modes (Smooth/Turbo), an 18mL e-liquid capacity, and a 1000mAh rechargeable battery. Available now at Z SMOKE SHOP in Austin, TX!","The Orange Passion Mango Lost Mary MT35000 Turbo is now available at Z SMOKE SHOP in Austin, TX! This cutting-edge disposable vape offers two power modes: Smooth Mode for up to 35,000 puffs of sweet orange, tart passionfruit, and ripe mango flavor, or Turbo Mode for a warmer, intense hit. Pre-filled with 18mL of 5% nicotine salt and powered by a 1000mAh rechargeable battery, the MT35K features a Dual Mesh Coil for 90% flavor consistency and a discrete Blend-in Smart Display. Visit Z SMOKE SHOP at 719 W William Cannon Dr #105, Austin, TX 78745 and get the Orange Passion Mango MT35000 Turbo for only $27.00 today!",""
"Pineapple Lime+ Lost Mary MT35000 Turbo","Disposable Nicotine Vapes","LOST MARY","LMMT35K-PLL","27.00","","Experience the next level of disposable vaping with the Lost Mary MT35000 Turbo. Featuring an unprecedented 35,000 Puffs (Smooth Mode), a smart blend-in display, dual power modes (Smooth/Turbo), an 18mL e-liquid capacity, and a 1000mAh rechargeable battery. Available now at Z SMOKE SHOP in Austin, TX!","The Pineapple Lime+ Lost Mary MT35000 Turbo is now available at Z SMOKE SHOP in Austin, TX! This cutting-edge disposable vape offers two power modes: Smooth Mode for up to 35,000 puffs of sweet pineapple with a tart lime kick, or Turbo Mode for a warmer, intense hit. Pre-filled with 18mL of 5% nicotine salt and powered by a 1000mAh rechargeable battery, the MT35K features a Dual Mesh Coil for 90% flavor consistency and a discrete Blend-in Smart Display. Visit Z SMOKE SHOP at 719 W William Cannon Dr #105, Austin, TX 78745 and get the Pineapple Lime+ MT35000 Turbo for only $27.00 today!",""
"Pink Lemonade+ Lost Mary MT35000 Turbo","Disposable Nicotine Vapes","LOST MARY","LMMT35K-PNL","27.00","","Experience the next level of disposable vaping with the Lost Mary MT35000 Turbo. Featuring an unprecedented 35,000 Puffs (Smooth Mode), a smart blend-in display, dual power modes (Smooth/Turbo), an 18mL e-liquid capacity, and a 1000mAh rechargeable battery. Available now at Z SMOKE SHOP in Austin, TX!","The Pink Lemonade+ Lost Mary MT35000 Turbo is now available at Z SMOKE SHOP in Austin, TX! This cutting-edge disposable vape offers two power modes: Smooth Mode for up to 35,000 puffs of zesty, refreshing pink lemonade flavor, or Turbo Mode for a warmer, intense hit. Pre-filled with 18mL of 5% nicotine salt and powered by a 1000mAh rechargeable battery, the MT35K features a Dual Mesh Coil for 90% flavor consistency and a discrete Blend-in Smart Display. Visit Z SMOKE SHOP at 719 W William Cannon Dr #105, Austin, TX 78745 and get the Pink Lemonade+ MT35000 Turbo for only $27.00 today!",""
"Rocket Freeze Lost Mary MT35000 Turbo","Disposable Nicotine Vapes","LOST MARY","LMMT35K-RKT","27.00","","Experience the next level of disposable vaping with the Lost Mary MT35000 Turbo. Featuring an unprecedented 35,000 Puffs (Smooth Mode), a smart blend-in display, dual power modes (Smooth/Turbo), an 18mL e-liquid capacity, and a 1000mAh rechargeable battery. Available now at Z SMOKE SHOP in Austin, TX!","The Rocket Freeze Lost Mary MT35000 Turbo is now available at Z SMOKE SHOP in Austin, TX! This cutting-edge disposable vape offers two power modes: Smooth Mode for up to 35,000 puffs of mixed fruits and menthol flavor, or Turbo Mode for a warmer, intense hit. Pre-filled with 18mL of 5% nicotine salt and powered by a 1000mAh rechargeable battery, the MT35K features a Dual Mesh Coil for 90% flavor consistency and a discrete Blend-in Smart Display. Visit Z SMOKE SHOP at 719 W William Cannon Dr #105, Austin, TX 78745 and get the Rocket Freeze MT35000 Turbo for only $27.00 today!",""
"Scary Berry+ Lost Mary MT35000 Turbo","Disposable Nicotine Vapes","LOST MARY","LMMT35K-SCB","27.00","","Experience the next level of disposable vaping with the Lost Mary MT35000 Turbo. Featuring an unprecedented 35,000 Puffs (Smooth Mode), a smart blend-in display, dual power modes (Smooth/Turbo), an 18mL e-liquid capacity, and a 1000mAh rechargeable battery. Available now at Z SMOKE SHOP in Austin, TX!","The Scary Berry+ Lost Mary MT35000 Turbo is now available at Z SMOKE SHOP in Austin, TX! This cutting-edge disposable vape offers two power modes: Smooth Mode for up to 35,000 puffs of dark, tart, and mysterious mixed berry flavor, or Turbo Mode for a warmer, intense hit. Pre-filled with 18mL of 5% nicotine salt and powered by a 1000mAh rechargeable battery, the MT35K features a Dual Mesh Coil for 90% flavor consistency and a discrete Blend-in Smart Display. Visit Z SMOKE SHOP at 719 W William Cannon Dr #105, Austin, TX 78745 and get the Scary Berry+ MT35000 Turbo for only $27.00 today!",""
"Strawberry+ Lost Mary MT35000 Turbo","Disposable Nicotine Vapes","LOST MARY","LMMT35K-STW","27.00","","Experience the next level of disposable vaping with the Lost Mary MT35000 Turbo. Featuring an unprecedented 35,000 Puffs (Smooth Mode), a smart blend-in display, dual power modes (Smooth/Turbo), an 18mL e-liquid capacity, and a 1000mAh rechargeable battery. Available now at Z SMOKE SHOP in Austin, TX!","The Strawberry+ Lost Mary MT35000 Turbo is now available at Z SMOKE SHOP in Austin, TX! This cutting-edge disposable vape offers two power modes: Smooth Mode for up to 35,000 puffs of ripe, juicy, and elevated classic strawberry flavor, or Turbo Mode for a warmer, intense hit. Pre-filled with 18mL of 5% nicotine salt and powered by a 1000mAh rechargeable battery, the MT35K features a Dual Mesh Coil for 90% flavor consistency and a discrete Blend-in Smart Display. Visit Z SMOKE SHOP at 719 W William Cannon Dr #105, Austin, TX 78745 and get the Strawberry+ MT35000 Turbo for only $27.00 today!",""
"Strawberry Dragon Lemonade Lost Mary MT35000 Turbo","Disposable Nicotine Vapes","LOST MARY","LMMT35K-SDL","27.00","","Experience the next level of disposable vaping with the Lost Mary MT35000 Turbo. Featuring an unprecedented 35,000 Puffs (Smooth Mode), a smart blend-in display, dual power modes (Smooth/Turbo), an 18mL e-liquid capacity, and a 1000mAh rechargeable battery. Available now at Z SMOKE SHOP in Austin, TX!","The Strawberry Dragon Lemonade Lost Mary MT35000 Turbo is now available at Z SMOKE SHOP in Austin, TX! This cutting-edge disposable vape offers two power modes: Smooth Mode for up to 35,000 puffs of sweet strawberry, exotic dragonfruit, and tart lemonade flavor, or Turbo Mode for a warmer, intense hit. Pre-filled with 18mL of 5% nicotine salt and powered by a 1000mAh rechargeable battery, the MT35K features a Dual Mesh Coil for 90% flavor consistency and a discrete Blend-in Smart Display. Visit Z SMOKE SHOP at 719 W William Cannon Dr #105, Austin, TX 78745 and get the Strawberry Dragon Lemonade MT35000 Turbo for only $27.00 today!",""
"Strawberry Kiwi+ Lost Mary MT35000 Turbo","Disposable Nicotine Vapes","LOST MARY","LMMT35K-SKW","27.00","","Experience the next level of disposable vaping with the Lost Mary MT35000 Turbo. Featuring an unprecedented 35,000 Puffs (Smooth Mode), a smart blend-in display, dual power modes (Smooth/Turbo), an 18mL e-liquid capacity, and a 1000mAh rechargeable battery. Available now at Z SMOKE SHOP in Austin, TX!","The Strawberry Kiwi+ Lost Mary MT35000 Turbo is now available at Z SMOKE SHOP in Austin, TX! This cutting-edge disposable vape offers two power modes: Smooth Mode for up to 35,000 puffs of balanced strawberry and tropical kiwi flavor, or Turbo Mode for a warmer, intense hit. Pre-filled with 18mL of 5% nicotine salt and powered by a 1000mAh rechargeable battery, the MT35K features a Dual Mesh Coil for 90% flavor consistency and a discrete Blend-in Smart Display. Visit Z SMOKE SHOP at 719 W William Cannon Dr #105, Austin, TX 78745 and get the Strawberry Kiwi+ MT35000 Turbo for only $27.00 today!",""
"Strawmelon Peach Lost Mary MT35000 Turbo","Disposable Nicotine Vapes","LOST MARY","LMMT35K-SMP","27.00","","Experience the next level of disposable vaping with the Lost Mary MT35000 Turbo. Featuring an unprecedented 35,000 Puffs (Smooth Mode), a smart blend-in display, dual power modes (Smooth/Turbo), an 18mL e-liquid capacity, and a 1000mAh rechargeable battery. Available now at Z SMOKE SHOP in Austin, TX!","The Strawmelon Peach Lost Mary MT35000 Turbo is now available at Z SMOKE SHOP in Austin, TX! This cutting-edge disposable vape offers two power modes: Smooth Mode for up to 35,000 puffs of sweet strawberry, juicy watermelon, and mellow peach flavor, or Turbo Mode for a warmer, intense hit. Pre-filled with 18mL of 5% nicotine salt and powered by a 1000mAh rechargeable battery, the MT35K features a Dual Mesh Coil for 90% flavor consistency and a discrete Blend-in Smart Display. Visit Z SMOKE SHOP at 719 W William Cannon Dr #105, Austin, TX 78745 and get the Strawmelon Peach MT35000 Turbo for only $27.00 today!",""
"Summer Grape Lost Mary MT35000 Turbo","Disposable Nicotine Vapes","LOST MARY","LMMT35K-SGR","27.00","","Experience the next level of disposable vaping with the Lost Mary MT35000 Turbo. Featuring an unprecedented 35,000 Puffs (Smooth Mode), a smart blend-in display, dual power modes (Smooth/Turbo), an 18mL e-liquid capacity, and a 1000mAh rechargeable battery. Available now at Z SMOKE SHOP in Austin, TX!","The Summer Grape Lost Mary MT35000 Turbo is now available at Z SMOKE SHOP in Austin, TX! This cutting-edge disposable vape offers two power modes: Smooth Mode for up to 35,000 puffs of sweet, ripe grape flavor, or Turbo Mode for a warmer, intense hit. Pre-filled with 18mL of 5% nicotine salt and powered by a 1000mAh rechargeable battery, the MT35K features a Dual Mesh Coil for 90% flavor consistency and a discrete Blend-in Smart Display. Visit Z SMOKE SHOP at 719 W William Cannon Dr #105, Austin, TX 78745 and get the Summer Grape MT35000 Turbo for only $27.00 today!",""
"Sunny Orange Lost Mary MT35000 Turbo","Disposable Nicotine Vapes","LOST MARY","LMMT35K-SNO","27.00","","Experience the next level of disposable vaping with the Lost Mary MT35000 Turbo. Featuring an unprecedented 35,000 Puffs (Smooth Mode), a smart blend-in display, dual power modes (Smooth/Turbo), an 18mL e-liquid capacity, and a 1000mAh rechargeable battery. Available now at Z SMOKE SHOP in Austin, TX!","The Sunny Orange Lost Mary MT35000 Turbo is now available at Z SMOKE SHOP in Austin, TX! This cutting-edge disposable vape offers two power modes: Smooth Mode for up to 35,000 puffs of bright, zesty orange flavor, or Turbo Mode for a warmer, intense hit. Pre-filled with 18mL of 5% nicotine salt and powered by a 1000mAh rechargeable battery, the MT35K features a Dual Mesh Coil for 90% flavor consistency and a discrete Blend-in Smart Display. Visit Z SMOKE SHOP at 719 W William Cannon Dr #105, Austin, TX 78745 and get the Sunny Orange MT35000 Turbo for only $27.00 today!",""
"Tigers Blood+ Lost Mary MT35000 Turbo","Disposable Nicotine Vapes","LOST MARY","LMMT35K-TGB","27.00","","Experience the next level of disposable vaping with the Lost Mary MT35000 Turbo. Featuring an unprecedented 35,000 Puffs (Smooth Mode), a smart blend-in display, dual power modes (Smooth/Turbo), an 18mL e-liquid capacity, and a 1000mAh rechargeable battery. Available now at Z SMOKE SHOP in Austin, TX!","The Tigers Blood+ Lost Mary MT35000 Turbo is now available at Z SMOKE SHOP in Austin, TX! This cutting-edge disposable vape offers two power modes: Smooth Mode for up to 35,000 puffs of bold tropical blend of strawberry, watermelon, and coconut, or Turbo Mode for a warmer, intense hit. Pre-filled with 18mL of 5% nicotine salt and powered by a 1000mAh rechargeable battery, the MT35K features a Dual Mesh Coil for 90% flavor consistency and a discrete Blend-in Smart Display. Visit Z SMOKE SHOP at 719 W William Cannon Dr #105, Austin, TX 78745 and get the Tigers Blood+ MT35000 Turbo for only $27.00 today!",""
"Toasted Banana Lost Mary MT35000 Turbo","Disposable Nicotine Vapes","LOST MARY","LMMT35K-TSB","27.00","","Experience the next level of disposable vaping with the Lost Mary MT35000 Turbo. Featuring an unprecedented 35,000 Puffs (Smooth Mode), a smart blend-in display, dual power modes (Smooth/Turbo), an 18mL e-liquid capacity, and a 1000mAh rechargeable battery. Available now at Z SMOKE SHOP in Austin, TX!","The Toasted Banana Lost Mary MT35000 Turbo is now available at Z SMOKE SHOP in Austin, TX! This cutting-edge disposable vape offers two power modes: Smooth Mode for up to 35,000 puffs of sweet, caramelized banana flavor, or Turbo Mode for a warmer, intense hit. Pre-filled with 18mL of 5% nicotine salt and powered by a 1000mAh rechargeable battery, the MT35K features a Dual Mesh Coil for 90% flavor consistency and a discrete Blend-in Smart Display. Visit Z SMOKE SHOP at 719 W William Cannon Dr #105, Austin, TX 78745 and get the Toasted Banana MT35000 Turbo for only $27.00 today!",""
"Tropical Lemonade Lost Mary MT35000 Turbo","Disposable Nicotine Vapes","LOST MARY","LMMT35K-TRL","27.00","","Experience the next level of disposable vaping with the Lost Mary MT35000 Turbo. Featuring an unprecedented 35,000 Puffs (Smooth Mode), a smart blend-in display, dual power modes (Smooth/Turbo), an 18mL e-liquid capacity, and a 1000mAh rechargeable battery. Available now at Z SMOKE SHOP in Austin, TX!","The Tropical Lemonade Lost Mary MT35000 Turbo is now available at Z SMOKE SHOP in Austin, TX! This cutting-edge disposable vape offers two power modes: Smooth Mode for up to 35,000 puffs of exotic fruit mixed with tart lemonade, or Turbo Mode for a warmer, intense hit. Pre-filled with 18mL of 5% nicotine salt and powered by a 1000mAh rechargeable battery, the MT35K features a Dual Mesh Coil for 90% flavor consistency and a discrete Blend-in Smart Display. Visit Z SMOKE SHOP at 719 W William Cannon Dr #105, Austin, TX 78745 and get the Tropical Lemonade MT35000 Turbo for only $27.00 today!",""
"Watermelon+ Lost Mary MT35000 Turbo","Disposable Nicotine Vapes","LOST MARY","LMMT35K-WML","27.00","","Experience the next level of disposable vaping with the Lost Mary MT35000 Turbo. Featuring an unprecedented 35,000 Puffs (Smooth Mode), a smart blend-in display, dual power modes (Smooth/Turbo), an 18mL e-liquid capacity, and a 1000mAh rechargeable battery. Available now at Z SMOKE SHOP in Austin, TX!","The Watermelon+ Lost Mary MT35000 Turbo is now available at Z SMOKE SHOP in Austin, TX! This cutting-edge disposable vape offers two power modes: Smooth Mode for up to 35,000 puffs of crisp, cool, and amped-up juicy watermelon flavor, or Turbo Mode for a warmer, intense hit. Pre-filled with 18mL of 5% nicotine salt and powered by a 1000mAh rechargeable battery, the MT35K features a Dual Mesh Coil for 90% flavor consistency and a discrete Blend-in Smart Display. Visit Z SMOKE SHOP at 719 W William Cannon Dr #105, Austin, TX 78745 and get the Watermelon+ MT35000 Turbo for only $27.00 today!",""
"White Gami+ Lost Mary MT35000 Turbo","Disposable Nicotine Vapes","LOST MARY","LMMT35K-WHG","27.00","","Experience the next level of disposable vaping with the Lost Mary MT35000 Turbo. Featuring an unprecedented 35,000 Puffs (Smooth Mode), a smart blend-in display, dual power modes (Smooth/Turbo), an 18mL e-liquid capacity, and a 1000mAh rechargeable battery. Available now at Z SMOKE SHOP in Austin, TX!","The White Gami+ Lost Mary MT35000 Turbo is now available at Z SMOKE SHOP in Austin, TX! This cutting-edge disposable vape offers two power modes: Smooth Mode for up to 35,000 puffs of tart, sweet, tropical white gummy candy flavor, or Turbo Mode for a warmer, intense hit. Pre-filled with 18mL of 5% nicotine salt and powered by a 1000mAh rechargeable battery, the MT35K features a Dual Mesh Coil for 90% flavor consistency and a discrete Blend-in Smart Display. Visit Z SMOKE SHOP at 719 W William Cannon Dr #105, Austin, TX 78745 and get the White Gami+ MT35000 Turbo for only $27.00 today!",""
"Winter Mint Lost Mary MT35000 Turbo","Disposable Nicotine Vapes","LOST MARY","LMMT35K-WMT","27.00","","Experience the next level of disposable vaping with the Lost Mary MT35000 Turbo. Featuring an unprecedented 35,000 Puffs (Smooth Mode), a smart blend-in display, dual power modes (Smooth/Turbo), an 18mL e-liquid capacity, and a 1000mAh rechargeable battery. Available now at Z SMOKE SHOP in Austin, TX!","The Winter Mint Lost Mary MT35000 Turbo is now available at Z SMOKE SHOP in Austin, TX! This cutting-edge disposable vape offers two power modes: Smooth Mode for up to 35,000 puffs of extra strong, icy, refreshing mint flavor, or Turbo Mode for a warmer, intense hit. Pre-filled with 18mL of 5% nicotine salt and powered by a 1000mAh rechargeable battery, the MT35K features a Dual Mesh Coil for 90% flavor consistency and a discrete Blend-in Smart Display. Visit Z SMOKE SHOP at 719 W William Cannon Dr #105, Austin, TX 78745 and get the Winter Mint MT35000 Turbo for only $27.00 today!",""
"product name","category","brand","sku","price","sale price","short description","detailed description","product image"
"Aloe Grapple Watermelon Fifty Bar","Disposable Nicotine Vapes","Fifty Bar","FB-AGW","20.00","","The Fifty Bar disposable vape offers a high-quality experience with American-made e-liquid, featuring a range of delicious dessert, fruit, and tobacco flavors.","The Aloe Grapple Watermelon Fifty Bar is now available at Z SMOKE SHOP in Austin, TX for only $20.00! This premium disposable device is an instant classic, proudly Built in the USA and pre-filled with high-quality American-made e-liquid. Known for its consistent performance and unique flavor variety, including gourmet dessert and fresh fruit blends. Visit Z SMOKE SHOP at 719 W William Cannon Dr #105, Austin, TX 78745 today!",""
"Aloe Kiwi Strawberry Fifty Bar","Disposable Nicotine Vapes","Fifty Bar","FB-AKS","20.00","","The Fifty Bar disposable vape offers a high-quality experience with American-made e-liquid, featuring a range of delicious dessert, fruit, and tobacco flavors.","The Aloe Kiwi Strawberry Fifty Bar is now available at Z SMOKE SHOP in Austin, TX for only $20.00! This premium disposable device is an instant classic, proudly Built in the USA and pre-filled with high-quality American-made e-liquid. Known for its consistent performance and unique flavor variety, including gourmet dessert and fresh fruit blends. Visit Z SMOKE SHOP at 719 W William Cannon Dr #105, Austin, TX 78745 today!",""
"Apple Super Strudel Fifty Bar","Disposable Nicotine Vapes","Fifty Bar","FB-ASS","20.00","","The Fifty Bar disposable vape offers a high-quality experience with American-made e-liquid, featuring a range of delicious dessert, fruit, and tobacco flavors.","The Apple Super Strudel Fifty Bar is now available at Z SMOKE SHOP in Austin, TX for only $20.00! This premium disposable device is an instant classic, proudly Built in the USA and pre-filled with high-quality American-made e-liquid. Known for its consistent performance and unique flavor variety, including gourmet dessert and fresh fruit blends. Visit Z SMOKE SHOP at 719 W William Cannon Dr #105, Austin, TX 78745 today!",""
"B-Pop Fifty Bar","Disposable Nicotine Vapes","Fifty Bar","FB-BPOP","20.00","","The Fifty Bar disposable vape offers a high-quality experience with American-made e-liquid, featuring a range of delicious dessert, fruit, and tobacco flavors.","The B-Pop Fifty Bar is now available at Z SMOKE SHOP in Austin, TX for only $20.00! This premium disposable device is an instant classic, proudly Built in the USA and pre-filled with high-quality American-made e-liquid. Known for its consistent performance and unique flavor variety, including gourmet dessert and fresh fruit blends. Visit Z SMOKE SHOP at 719 W William Cannon Dr #105, Austin, TX 78745 today!",""
"Baja Burst Fifty Bar","Disposable Nicotine Vapes","Fifty Bar","FB-BBR","20.00","","The Fifty Bar disposable vape offers a high-quality experience with American-made e-liquid, featuring a range of delicious dessert, fruit, and tobacco flavors.","The Baja Burst Fifty Bar is now available at Z SMOKE SHOP in Austin, TX for only $20.00! This premium disposable device is an instant classic, proudly Built in the USA and pre-filled with high-quality American-made e-liquid. Known for its consistent performance and unique flavor variety, including gourmet dessert and fresh fruit blends. Visit Z SMOKE SHOP at 719 W William Cannon Dr #105, Austin, TX 78745 today!",""
"Baja Mango Fifty Bar","Disposable Nicotine Vapes","Fifty Bar","FB-BJM","20.00","","The Fifty Bar disposable vape offers a high-quality experience with American-made e-liquid, featuring a range of delicious dessert, fruit, and tobacco flavors.","The Baja Mango Fifty Bar is now available at Z SMOKE SHOP in Austin, TX for only $20.00! This premium disposable device is an instant classic, proudly Built in the USA and pre-filled with high-quality American-made e-liquid. Known for its consistent performance and unique flavor variety, including gourmet dessert and fresh fruit blends. Visit Z SMOKE SHOP at 719 W William Cannon Dr #105, Austin, TX 78745 today!",""
"Bonker Berries Fifty Bar","Disposable Nicotine Vapes","Fifty Bar","FB-BNK","20.00","","The Fifty Bar disposable vape offers a high-quality experience with American-made e-liquid, featuring a range of delicious dessert, fruit, and tobacco flavors.","The Bonker Berries Fifty Bar is now available at Z SMOKE SHOP in Austin, TX for only $20.00! This premium disposable device is an instant classic, proudly Built in the USA and pre-filled with high-quality American-made e-liquid. Known for its consistent performance and unique flavor variety, including gourmet dessert and fresh fruit blends. Visit Z SMOKE SHOP at 719 W William Cannon Dr #105, Austin, TX 78745 today!",""
"Blue Razzle Ice Fifty Bar","Disposable Nicotine Vapes","Fifty Bar","FB-BRI","20.00","","The Fifty Bar disposable vape offers a high-quality experience with American-made e-liquid, featuring a range of delicious dessert, fruit, and tobacco flavors.","The Blue Razzle Ice Fifty Bar is now available at Z SMOKE SHOP in Austin, TX for only $20.00! This premium disposable device is an instant classic, proudly Built in the USA and pre-filled with high-quality American-made e-liquid. Known for its consistent performance and unique flavor variety, including gourmet dessert and fresh fruit blends. Visit Z SMOKE SHOP at 719 W William Cannon Dr #105, Austin, TX 78745 today!",""
"Blueberry Cereal Donut Milk Fifty Bar","Disposable Nicotine Vapes","Fifty Bar","FB-BCD","20.00","","The Fifty Bar disposable vape offers a high-quality experience with American-made e-liquid, featuring a range of delicious dessert, fruit, and tobacco flavors.","The Blueberry Cereal Donut Milk Fifty Bar is now available at Z SMOKE SHOP in Austin, TX for only $20.00! This premium disposable device is an instant classic, proudly Built in the USA and pre-filled with high-quality American-made e-liquid. Known for its consistent performance and unique flavor variety, including gourmet dessert and fresh fruit blends. Visit Z SMOKE SHOP at 719 W William Cannon Dr #105, Austin, TX 78745 today!",""
"Blueberry Pound Cake Fifty Bar","Disposable Nicotine Vapes","Fifty Bar","FB-BPC","20.00","","The Fifty Bar disposable vape offers a high-quality experience with American-made e-liquid, featuring a range of delicious dessert, fruit, and tobacco flavors.","The Blueberry Pound Cake Fifty Bar is now available at Z SMOKE SHOP in Austin, TX for only $20.00! This premium disposable device is an instant classic, proudly Built in the USA and pre-filled with high-quality American-made e-liquid. Known for its consistent performance and unique flavor variety, including gourmet dessert and fresh fruit blends. Visit Z SMOKE SHOP at 719 W William Cannon Dr #105, Austin, TX 78745 today!",""
"Blueberry Super Strudel Fifty Bar","Disposable Nicotine Vapes","Fifty Bar","FB-BSS","20.00","","The Fifty Bar disposable vape offers a high-quality experience with American-made e-liquid, featuring a range of delicious dessert, fruit, and tobacco flavors.","The Blueberry Super Strudel Fifty Bar is now available at Z SMOKE SHOP in Austin, TX for only $20.00! This premium disposable device is an instant classic, proudly Built in the USA and pre-filled with high-quality American-made e-liquid. Known for its consistent performance and unique flavor variety, including gourmet dessert and fresh fruit blends. Visit Z SMOKE SHOP at 719 W William Cannon Dr #105, Austin, TX 78745 today!",""
"Blueberry Yogurt Fifty Bar","Disposable Nicotine Vapes","Fifty Bar","FB-BYG","20.00","","The Fifty Bar disposable vape offers a high-quality experience with American-made e-liquid, featuring a range of delicious dessert, fruit, and tobacco flavors.","The Blueberry Yogurt Fifty Bar is now available at Z SMOKE SHOP in Austin, TX for only $20.00! This premium disposable device is an instant classic, proudly Built in the USA and pre-filled with high-quality American-made e-liquid. Known for its consistent performance and unique flavor variety, including gourmet dessert and fresh fruit blends. Visit Z SMOKE SHOP at 719 W William Cannon Dr #105, Austin, TX 78745 today!",""
"Butterbean Fifty Bar","Disposable Nicotine Vapes","Fifty Bar","FB-BBN","20.00","","The Fifty Bar disposable vape offers a high-quality experience with American-made e-liquid, featuring a range of delicious dessert, fruit, and tobacco flavors.","The Butterbean Fifty Bar is now available at Z SMOKE SHOP in Austin, TX for only $20.00! This premium disposable device is an instant classic, proudly Built in the USA and pre-filled with high-quality American-made e-liquid. Known for its consistent performance and unique flavor variety, including gourmet dessert and fresh fruit blends. Visit Z SMOKE SHOP at 719 W William Cannon Dr #105, Austin, TX 78745 today!",""
"Cinnamon Funnel Cake Fifty Bar","Disposable Nicotine Vapes","Fifty Bar","FB-CFC","20.00","","The Fifty Bar disposable vape offers a high-quality experience with American-made e-liquid, featuring a range of delicious dessert, fruit, and tobacco flavors.","The Cinnamon Funnel Cake Fifty Bar is now available at Z SMOKE SHOP in Austin, TX for only $20.00! This premium disposable device is an instant classic, proudly Built in the USA and pre-filled with high-quality American-made e-liquid. Known for its consistent performance and unique flavor variety, including gourmet dessert and fresh fruit blends. Visit Z SMOKE SHOP at 719 W William Cannon Dr #105, Austin, TX 78745 today!",""
"Clear Fifty Bar","Disposable Nicotine Vapes","Fifty Bar","FB-CLR","20.00","","The Fifty Bar disposable vape offers a high-quality experience with American-made e-liquid, featuring a range of delicious dessert, fruit, and tobacco flavors.","The Clear Fifty Bar is now available at Z SMOKE SHOP in Austin, TX for only $20.00! This premium disposable device is an instant classic, proudly Built in the USA and pre-filled with high-quality American-made e-liquid. Known for its consistent performance and unique flavor variety, including gourmet dessert and fresh fruit blends. Visit Z SMOKE SHOP at 719 W William Cannon Dr #105, Austin, TX 78745 today!",""
"Cookie Butter Fifty Bar","Disposable Nicotine Vapes","Fifty Bar","FB-CKB","20.00","","The Fifty Bar disposable vape offers a high-quality experience with American-made e-liquid, featuring a range of delicious dessert, fruit, and tobacco flavors.","The Cookie Butter Fifty Bar is now available at Z SMOKE SHOP in Austin, TX for only $20.00! This premium disposable device is an instant classic, proudly Built in the USA and pre-filled with high-quality American-made e-liquid. Known for its consistent performance and unique flavor variety, including gourmet dessert and fresh fruit blends. Visit Z SMOKE SHOP at 719 W William Cannon Dr #105, Austin, TX 78745 today!",""
"Diamond Peach Ice Fifty Bar","Disposable Nicotine Vapes","Fifty Bar","FB-DPI","20.00","","The Fifty Bar disposable vape offers a high-quality experience with American-made e-liquid, featuring a range of delicious dessert, fruit, and tobacco flavors.","The Diamond Peach Ice Fifty Bar is now available at Z SMOKE SHOP in Austin, TX for only $20.00! This premium disposable device is an instant classic, proudly Built in the USA and pre-filled with high-quality American-made e-liquid. Known for its consistent performance and unique flavor variety, including gourmet dessert and fresh fruit blends. Visit Z SMOKE SHOP at 719 W William Cannon Dr #105, Austin, TX 78745 today!",""
"Fresh Mango Lychee Fifty Bar","Disposable Nicotine Vapes","Fifty Bar","FB-FML","20.00","","The Fifty Bar disposable vape offers a high-quality experience with American-made e-liquid, featuring a range of delicious dessert, fruit, and tobacco flavors.","The Fresh Mango Lychee Fifty Bar is now available at Z SMOKE SHOP in Austin, TX for only $20.00! This premium disposable device is an instant classic, proudly Built in the USA and pre-filled with high-quality American-made e-liquid. Known for its consistent performance and unique flavor variety, including gourmet dessert and fresh fruit blends. Visit Z SMOKE SHOP at 719 W William Cannon Dr #105, Austin, TX 78745 today!",""
"Frozen Apple Fifty Bar","Disposable Nicotine Vapes","Fifty Bar","FB-FAP","20.00","","The Fifty Bar disposable vape offers a high-quality experience with American-made e-liquid, featuring a range of delicious dessert, fruit, and tobacco flavors.","The Frozen Apple Fifty Bar is now available at Z SMOKE SHOP in Austin, TX for only $20.00! This premium disposable device is an instant classic, proudly Built in the USA and pre-filled with high-quality American-made e-liquid. Known for its consistent performance and unique flavor variety, including gourmet dessert and fresh fruit blends. Visit Z SMOKE SHOP at 719 W William Cannon Dr #105, Austin, TX 78745 today!",""
"Frozen Orange Mango Pear Fifty Bar","Disposable Nicotine Vapes","Fifty Bar","FB-FOMP","20.00","","The Fifty Bar disposable vape offers a high-quality experience with American-made e-liquid, featuring a range of delicious dessert, fruit, and tobacco flavors.","The Frozen Orange Mango Pear Fifty Bar is now available at Z SMOKE SHOP in Austin, TX for only $20.00! This premium disposable device is an instant classic, proudly Built in the USA and pre-filled with high-quality American-made e-liquid. Known for its consistent performance and unique flavor variety, including gourmet dessert and fresh fruit blends. Visit Z SMOKE SHOP at 719 W William Cannon Dr #105, Austin, TX 78745 today!",""
"Frozen Watermelon Fifty Bar","Disposable Nicotine Vapes","Fifty Bar","FB-FWM","20.00","","The Fifty Bar disposable vape offers a high-quality experience with American-made e-liquid, featuring a range of delicious dessert, fruit, and tobacco flavors.","The Frozen Watermelon Fifty Bar is now available at Z SMOKE SHOP in Austin, TX for only $20.00! This premium disposable device is an instant classic, proudly Built in the USA and pre-filled with high-quality American-made e-liquid. Known for its consistent performance and unique flavor variety, including gourmet dessert and fresh fruit blends. Visit Z SMOKE SHOP at 719 W William Cannon Dr #105, Austin, TX 78745 today!",""
"Gold Tobacco Fifty Bar","Disposable Nicotine Vapes","Fifty Bar","FB-GTB","20.00","","The Fifty Bar disposable vape offers a high-quality experience with American-made e-liquid, featuring a range of delicious dessert, fruit, and tobacco flavors.","The Gold Tobacco Fifty Bar is now available at Z SMOKE SHOP in Austin, TX for only $20.00! This premium disposable device is an instant classic, proudly Built in the USA and pre-filled with high-quality American-made e-liquid. Known for its consistent performance and unique flavor variety, including gourmet dessert and fresh fruit blends. Visit Z SMOKE SHOP at 719 W William Cannon Dr #105, Austin, TX 78745 today!",""
"Hawaii'n Punch Fifty Bar","Disposable Nicotine Vapes","Fifty Bar","FB-HP","20.00","","The Fifty Bar disposable vape offers a high-quality experience with American-made e-liquid, featuring a range of delicious dessert, fruit, and tobacco flavors.","The Hawaii'n Punch Fifty Bar is now available at Z SMOKE SHOP in Austin, TX for only $20.00! This premium disposable device is an instant classic, proudly Built in the USA and pre-filled with high-quality American-made e-liquid. Known for its consistent performance and unique flavor variety, including gourmet dessert and fresh fruit blends. Visit Z SMOKE SHOP at 719 W William Cannon Dr #105, Austin, TX 78745 today!",""
"Hawaiian Nectar Fifty Bar","Disposable Nicotine Vapes","Fifty Bar","FB-HNC","20.00","","The Fifty Bar disposable vape offers a high-quality experience with American-made e-liquid, featuring a range of delicious dessert, fruit, and tobacco flavors.","The Hawaiian Nectar Fifty Bar is now available at Z SMOKE SHOP in Austin, TX for only $20.00! This premium disposable device is an instant classic, proudly Built in the USA and pre-filled with high-quality American-made e-liquid. Known for its consistent performance and unique flavor variety, including gourmet dessert and fresh fruit blends. Visit Z SMOKE SHOP at 719 W William Cannon Dr #105, Austin, TX 78745 today!",""
"Honeyberry Cream Fifty Bar","Disposable Nicotine Vapes","Fifty Bar","FB-HBC","20.00","","The Fifty Bar disposable vape offers a high-quality experience with American-made e-liquid, featuring a range of delicious dessert, fruit, and tobacco flavors.","The Honeyberry Cream Fifty Bar is now available at Z SMOKE SHOP in Austin, TX for only $20.00! This premium disposable device is an instant classic, proudly Built in the USA and pre-filled with high-quality American-made e-liquid. Known for its consistent performance and unique flavor variety, including gourmet dessert and fresh fruit blends. Visit Z SMOKE SHOP at 719 W William Cannon Dr #105, Austin, TX 78745 today!",""
"Juicy Mango Melon Ice Fifty Bar","Disposable Nicotine Vapes","Fifty Bar","FB-JMM","20.00","","The Fifty Bar disposable vape offers a high-quality experience with American-made e-liquid, featuring a range of delicious dessert, fruit, and tobacco flavors.","The Juicy Mango Melon Ice Fifty Bar is now available at Z SMOKE SHOP in Austin, TX for only $20.00! This premium disposable device is an instant classic, proudly Built in the USA and pre-filled with high-quality American-made e-liquid. Known for its consistent performance and unique flavor variety, including gourmet dessert and fresh fruit blends. Visit Z SMOKE SHOP at 719 W William Cannon Dr #105, Austin, TX 78745 today!",""
"Kentucky Tobacco Fifty Bar","Disposable Nicotine Vapes","Fifty Bar","FB-KTB","20.00","","The Fifty Bar disposable vape offers a high-quality experience with American-made e-liquid, featuring a range of delicious dessert, fruit, and tobacco flavors.","The Kentucky Tobacco Fifty Bar is now available at Z SMOKE SHOP in Austin, TX for only $20.00! This premium disposable device is an instant classic, proudly Built in the USA and pre-filled with high-quality American-made e-liquid. Known for its consistent performance and unique flavor variety, including gourmet dessert and fresh fruit blends. Visit Z SMOKE SHOP at 719 W William Cannon Dr #105, Austin, TX 78745 today!",""
"Kyoho Grape Jelly Fifty Bar","Disposable Nicotine Vapes","Fifty Bar","FB-KGJ","20.00","","The Fifty Bar disposable vape offers a high-quality experience with American-made e-liquid, featuring a range of delicious dessert, fruit, and tobacco flavors.","The Kyoho Grape Jelly Fifty Bar is now available at Z SMOKE SHOP in Austin, TX for only $20.00! This premium disposable device is an instant classic, proudly Built in the USA and pre-filled with high-quality American-made e-liquid. Known for its consistent performance and unique flavor variety, including gourmet dessert and fresh fruit blends. Visit Z SMOKE SHOP at 719 W William Cannon Dr #105, Austin, TX 78745 today!",""
"Lava Blast Fifty Bar","Disposable Nicotine Vapes","Fifty Bar","FB-LVB","20.00","","The Fifty Bar disposable vape offers a high-quality experience with American-made e-liquid, featuring a range of delicious dessert, fruit, and tobacco flavors.","The Lava Blast Fifty Bar is now available at Z SMOKE SHOP in Austin, TX for only $20.00! This premium disposable device is an instant classic, proudly Built in the USA and pre-filled with high-quality American-made e-liquid. Known for its consistent performance and unique flavor variety, including gourmet dessert and fresh fruit blends. Visit Z SMOKE SHOP at 719 W William Cannon Dr #105, Austin, TX 78745 today!",""
"Lemon Cake Dough Fifty Bar","Disposable Nicotine Vapes","Fifty Bar","FB-LCD","20.00","","The Fifty Bar disposable vape offers a high-quality experience with American-made e-liquid, featuring a range of delicious dessert, fruit, and tobacco flavors.","The Lemon Cake Dough Fifty Bar is now available at Z SMOKE SHOP in Austin, TX for only $20.00! This premium disposable device is an instant classic, proudly Built in the USA and pre-filled with high-quality American-made e-liquid. Known for its consistent performance and unique flavor variety, including gourmet dessert and fresh fruit blends. Visit Z SMOKE SHOP at 719 W William Cannon Dr #105, Austin, TX 78745 today!",""
"Milky Loops Fifty Bar","Disposable Nicotine Vapes","Fifty Bar","FB-MLP","20.00","","The Fifty Bar disposable vape offers a high-quality experience with American-made e-liquid, featuring a range of delicious dessert, fruit, and tobacco flavors.","The Milky Loops Fifty Bar is now available at Z SMOKE SHOP in Austin, TX for only $20.00! This premium disposable device is an instant classic, proudly Built in the USA and pre-filled with high-quality American-made e-liquid. Known for its consistent performance and unique flavor variety, including gourmet dessert and fresh fruit blends. Visit Z SMOKE SHOP at 719 W William Cannon Dr #105, Austin, TX 78745 today!",""
"Mint Fifty Bar","Disposable Nicotine Vapes","Fifty Bar","FB-MNT","20.00","","The Fifty Bar disposable vape offers a high-quality experience with American-made e-liquid, featuring a range of delicious dessert, fruit, and tobacco flavors.","The Mint Fifty Bar is now available at Z SMOKE SHOP in Austin, TX for only $20.00! This premium disposable device is an instant classic, proudly Built in the USA and pre-filled with high-quality American-made e-liquid. Known for its consistent performance and unique flavor variety, including gourmet dessert and fresh fruit blends. Visit Z SMOKE SHOP at 719 W William Cannon Dr #105, Austin, TX 78745 today!",""
"Pacific Cooler Fifty Bar","Disposable Nicotine Vapes","Fifty Bar","FB-PCC","20.00","","The Fifty Bar disposable vape offers a high-quality experience with American-made e-liquid, featuring a range of delicious dessert, fruit, and tobacco flavors.","The Pacific Cooler Fifty Bar is now available at Z SMOKE SHOP in Austin, TX for only $20.00! This premium disposable device is an instant classic, proudly Built in the USA and pre-filled with high-quality American-made e-liquid. Known for its consistent performance and unique flavor variety, including gourmet dessert and fresh fruit blends. Visit Z SMOKE SHOP at 719 W William Cannon Dr #105, Austin, TX 78745 today!",""
"Pina Lush Fifty Bar","Disposable Nicotine Vapes","Fifty Bar","FB-PLS","20.00","","The Fifty Bar disposable vape offers a high-quality experience with American-made e-liquid, featuring a range of delicious dessert, fruit, and tobacco flavors.","The Pina Lush Fifty Bar is now available at Z SMOKE SHOP in Austin, TX for only $20.00! This premium disposable device is an instant classic, proudly Built in the USA and pre-filled with high-quality American-made e-liquid. Known for its consistent performance and unique flavor variety, including gourmet dessert and fresh fruit blends. Visit Z SMOKE SHOP at 719 W William Cannon Dr #105, Austin, TX 78745 today!",""
"Pineapple Whip Fifty Bar","Disposable Nicotine Vapes","Fifty Bar","FB-PNW","20.00","","The Fifty Bar disposable vape offers a high-quality experience with American-made e-liquid, featuring a range of delicious dessert, fruit, and tobacco flavors.","The Pineapple Whip Fifty Bar is now available at Z SMOKE SHOP in Austin, TX for only $20.00! This premium disposable device is an instant classic, proudly Built in the USA and pre-filled with high-quality American-made e-liquid. Known for its consistent performance and unique flavor variety, including gourmet dessert and fresh fruit blends. Visit Z SMOKE SHOP at 719 W William Cannon Dr #105, Austin, TX 78745 today!",""
"Pink Milk Fifty Bar","Disposable Nicotine Vapes","Fifty Bar","FB-PMK","20.00","","The Fifty Bar disposable vape offers a high-quality experience with American-made e-liquid, featuring a range of delicious dessert, fruit, and tobacco flavors.","The Pink Milk Fifty Bar is now available at Z SMOKE SHOP in Austin, TX for only $20.00! This premium disposable device is an instant classic, proudly Built in the USA and pre-filled with high-quality American-made e-liquid. Known for its consistent performance and unique flavor variety, including gourmet dessert and fresh fruit blends. Visit Z SMOKE SHOP at 719 W William Cannon Dr #105, Austin, TX 78745 today!",""
"Pink Sour Straws Fifty Bar","Disposable Nicotine Vapes","Fifty Bar","FB-PSS","20.00","","The Fifty Bar disposable vape offers a high-quality experience with American-made e-liquid, featuring a range of delicious dessert, fruit, and tobacco flavors.","The Pink Sour Straws Fifty Bar is now available at Z SMOKE SHOP in Austin, TX for only $20.00! This premium disposable device is an instant classic, proudly Built in the USA and pre-filled with high-quality American-made e-liquid. Known for its consistent performance and unique flavor variety, including gourmet dessert and fresh fruit blends. Visit Z SMOKE SHOP at 719 W William Cannon Dr #105, Austin, TX 78745 today!",""
"Pink Squares Fifty Bar","Disposable Nicotine Vapes","Fifty Bar","FB-PSQ","20.00","","The Fifty Bar disposable vape offers a high-quality experience with American-made e-liquid, featuring a range of delicious dessert, fruit, and tobacco flavors.","The Pink Squares Fifty Bar is now available at Z SMOKE SHOP in Austin, TX for only $20.00! This premium disposable device is an instant classic, proudly Built in the USA and pre-filled with high-quality American-made e-liquid. Known for its consistent performance and unique flavor variety, including gourmet dessert and fresh fruit blends. Visit Z SMOKE SHOP at 719 W William Cannon Dr #105, Austin, TX 78745 today!",""
"Polar Ice Fifty Bar","Disposable Nicotine Vapes","Fifty Bar","FB-PIC","20.00","","The Fifty Bar disposable vape offers a high-quality experience with American-made e-liquid, featuring a range of delicious dessert, fruit, and tobacco flavors.","The Polar Ice Fifty Bar is now available at Z SMOKE SHOP in Austin, TX for only $20.00! This premium disposable device is an instant classic, proudly Built in the USA and pre-filled with high-quality American-made e-liquid. Known for its consistent performance and unique flavor variety, including gourmet dessert and fresh fruit blends. Visit Z SMOKE SHOP at 719 W William Cannon Dr #105, Austin, TX 78745 today!",""
"Raspberry Jam Fifty Bar","Disposable Nicotine Vapes","Fifty Bar","FB-RJM","20.00","","The Fifty Bar disposable vape offers a high-quality experience with American-made e-liquid, featuring a range of delicious dessert, fruit, and tobacco flavors.","The Raspberry Jam Fifty Bar is now available at Z SMOKE SHOP in Austin, TX for only $20.00! This premium disposable device is an instant classic, proudly Built in the USA and pre-filled with high-quality American-made e-liquid. Known for its consistent performance and unique flavor variety, including gourmet dessert and fresh fruit blends. Visit Z SMOKE SHOP at 719 W William Cannon Dr #105, Austin, TX 78745 today!",""
"Sour Batch Fifty Bar","Disposable Nicotine Vapes","Fifty Bar","FB-SBT","20.00","","The Fifty Bar disposable vape offers a high-quality experience with American-made e-liquid, featuring a range of delicious dessert, fruit, and tobacco flavors.","The Sour Batch Fifty Bar is now available at Z SMOKE SHOP in Austin, TX for only $20.00! This premium disposable device is an instant classic, proudly Built in the USA and pre-filled with high-quality American-made e-liquid. Known for its consistent performance and unique flavor variety, including gourmet dessert and fresh fruit blends. Visit Z SMOKE SHOP at 719 W William Cannon Dr #105, Austin, TX 78745 today!",""
"Sour Peach Ringz Fifty Bar","Disposable Nicotine Vapes","Fifty Bar","FB-SPR","20.00","","The Fifty Bar disposable vape offers a high-quality experience with American-made e-liquid, featuring a range of delicious dessert, fruit, and tobacco flavors.","The Sour Peach Ringz Fifty Bar is now available at Z SMOKE SHOP in Austin, TX for only $20.00! This premium disposable device is an instant classic, proudly Built in the USA and pre-filled with high-quality American-made e-liquid. Known for its consistent performance and unique flavor variety, including gourmet dessert and fresh fruit blends. Visit Z SMOKE SHOP at 719 W William Cannon Dr #105, Austin, TX 78745 today!",""
"Southern Tobacco Fifty Bar","Disposable Nicotine Vapes","Fifty Bar","FB-STB","20.00","","The Fifty Bar disposable vape offers a high-quality experience with American-made e-liquid, featuring a range of delicious dessert, fruit, and tobacco flavors.","The Southern Tobacco Fifty Bar is now available at Z SMOKE SHOP in Austin, TX for only $20.00! This premium disposable device is an instant classic, proudly Built in the USA and pre-filled with high-quality American-made e-liquid. Known for its consistent performance and unique flavor variety, including gourmet dessert and fresh fruit blends. Visit Z SMOKE SHOP at 719 W William Cannon Dr #105, Austin, TX 78745 today!",""
"Spearmint Fifty Bar","Disposable Nicotine Vapes","Fifty Bar","FB-SPM","20.00","","The Fifty Bar disposable vape offers a high-quality experience with American-made e-liquid, featuring a range of delicious dessert, fruit, and tobacco flavors.","The Spearmint Fifty Bar is now available at Z SMOKE SHOP in Austin, TX for only $20.00! This premium disposable device is an instant classic, proudly Built in the USA and pre-filled with high-quality American-made e-liquid. Known for its consistent performance and unique flavor variety, including gourmet dessert and fresh fruit blends. Visit Z SMOKE SHOP at 719 W William Cannon Dr #105, Austin, TX 78745 today!",""
"Strawberry Beltz Fifty Bar","Disposable Nicotine Vapes","Fifty Bar","FB-STB","20.00","","The Fifty Bar disposable vape offers a high-quality experience with American-made e-liquid, featuring a range of delicious dessert, fruit, and tobacco flavors.","The Strawberry Beltz Fifty Bar is now available at Z SMOKE SHOP in Austin, TX for only $20.00! This premium disposable device is an instant classic, proudly Built in the USA and pre-filled with high-quality American-made e-liquid. Known for its consistent performance and unique flavor variety, including gourmet dessert and fresh fruit blends. Visit Z SMOKE SHOP at 719 W William Cannon Dr #105, Austin, TX 78745 today!",""
"Strawberry Cereal Donut Milk Fifty Bar","Disposable Nicotine Vapes","Fifty Bar","FB-SCDM","20.00","","The Fifty Bar disposable vape offers a high-quality experience with American-made e-liquid, featuring a range of delicious dessert, fruit, and tobacco flavors.","The Strawberry Cereal Donut Milk Fifty Bar is now available at Z SMOKE SHOP in Austin, TX for only $20.00! This premium disposable device is an instant classic, proudly Built in the USA and pre-filled with high-quality American-made e-liquid. Known for its consistent performance and unique flavor variety, including gourmet dessert and fresh fruit blends. Visit Z SMOKE SHOP at 719 W William Cannon Dr #105, Austin, TX 78745 today!",""
"Strawberry Kiwi Ice Fifty Bar","Disposable Nicotine Vapes","Fifty Bar","FB-SKI","20.00","","The Fifty Bar disposable vape offers a high-quality experience with American-made e-liquid, featuring a range of delicious dessert, fruit, and tobacco flavors.","The Strawberry Kiwi Ice Fifty Bar is now available at Z SMOKE SHOP in Austin, TX for only $20.00! This premium disposable device is an instant classic, proudly Built in the USA and pre-filled with high-quality American-made e-liquid. Known for its consistent performance and unique flavor variety, including gourmet dessert and fresh fruit blends. Visit Z SMOKE SHOP at 719 W William Cannon Dr #105, Austin, TX 78745 today!",""
"Strawberry Lemon Grape Fifty Bar","Disposable Nicotine Vapes","Fifty Bar","FB-SLG","20.00","","The Fifty Bar disposable vape offers a high-quality experience with American-made e-liquid, featuring a range of delicious dessert, fruit, and tobacco flavors.","The Strawberry Lemon Grape Fifty Bar is now available at Z SMOKE SHOP in Austin, TX for only $20.00! This premium disposable device is an instant classic, proudly Built in the USA and pre-filled with high-quality American-made e-liquid. Known for its consistent performance and unique flavor variety, including gourmet dessert and fresh fruit blends. Visit Z SMOKE SHOP at 719 W William Cannon Dr #105, Austin, TX 78745 today!",""
"Strawberry Super Strudel Fifty Bar","Disposable Nicotine Vapes","Fifty Bar","FB-SPS","20.00","","The Fifty Bar disposable vape offers a high-quality experience with American-made e-liquid, featuring a range of delicious dessert, fruit, and tobacco flavors.","The Strawberry Super Strudel Fifty Bar is now available at Z SMOKE SHOP in Austin, TX for only $20.00! This premium disposable device is an instant classic, proudly Built in the USA and pre-filled with high-quality American-made e-liquid. Known for its consistent performance and unique flavor variety, including gourmet dessert and fresh fruit blends. Visit Z SMOKE SHOP at 719 W William Cannon Dr #105, Austin, TX 78745 today!",""
"Strawberry Watermelon Ice Fifty Bar","Disposable Nicotine Vapes","Fifty Bar","FB-SWI","20.00","","The Fifty Bar disposable vape offers a high-quality experience with American-made e-liquid, featuring a range of delicious dessert, fruit, and tobacco flavors.","The Strawberry Watermelon Ice Fifty Bar is now available at Z SMOKE SHOP in Austin, TX for only $20.00! This premium disposable device is an instant classic, proudly Built in the USA and pre-filled with high-quality American-made e-liquid. Known for its consistent performance and unique flavor variety, including gourmet dessert and fresh fruit blends. Visit Z SMOKE SHOP at 719 W William Cannon Dr #105, Austin, TX 78745 today!",""
"Swedish Fifty Bar","Disposable Nicotine Vapes","Fifty Bar","FB-SWE","20.00","","The Fifty Bar disposable vape offers a high-quality experience with American-made e-liquid, featuring a range of delicious dessert, fruit, and tobacco flavors.","The Swedish Fifty Bar is now available at Z SMOKE SHOP in Austin, TX for only $20.00! This premium disposable device is an instant classic, proudly Built in the USA and pre-filled with high-quality American-made e-liquid. Known for its consistent performance and unique flavor variety, including gourmet dessert and fresh fruit blends. Visit Z SMOKE SHOP at 719 W William Cannon Dr #105, Austin, TX 78745 today!",""
"Tobaccocino Fifty Bar","Disposable Nicotine Vapes","Fifty Bar","FB-TBC","20.00","","The Fifty Bar disposable vape offers a high-quality experience with American-made e-liquid, featuring a range of delicious dessert, fruit, and tobacco flavors.","The Tobaccocino Fifty Bar is now available at Z SMOKE SHOP in Austin, TX for only $20.00! This premium disposable device is an instant classic, proudly Built in the USA and pre-filled with high-quality American-made e-liquid. Known for its consistent performance and unique flavor variety, including gourmet dessert and fresh fruit blends. Visit Z SMOKE SHOP at 719 W William Cannon Dr #105, Austin, TX 78745 today!",""
"Triple Watermelon Fifty Bar","Disposable Nicotine Vapes","Fifty Bar","FB-TWM","20.00","","The Fifty Bar disposable vape offers a high-quality experience with American-made e-liquid, featuring a range of delicious dessert, fruit, and tobacco flavors.","The Triple Watermelon Fifty Bar is now available at Z SMOKE SHOP in Austin, TX for only $20.00! This premium disposable device is an instant classic, proudly Built in the USA and pre-filled with high-quality American-made e-liquid. Known for its consistent performance and unique flavor variety, including gourmet dessert and fresh fruit blends. Visit Z SMOKE SHOP at 719 W William Cannon Dr #105, Austin, TX 78745 today!",""
"Vanilla Bean Tobacco Fifty Bar","Disposable Nicotine Vapes","Fifty Bar","FB-VBT","20.00","","The Fifty Bar disposable vape offers a high-quality experience with American-made e-liquid, featuring a range of delicious dessert, fruit, and tobacco flavors.","The Vanilla Bean Tobacco Fifty Bar is now available at Z SMOKE SHOP in Austin, TX for only $20.00! This premium disposable device is an instant classic, proudly Built in the USA and pre-filled with high-quality American-made e-liquid. Known for its consistent performance and unique flavor variety, including gourmet dessert and fresh fruit blends. Visit Z SMOKE SHOP at 719 W William Cannon Dr #105, Austin, TX 78745 today!",""
"Vanilla Custard Fifty Bar","Disposable Nicotine Vapes","Fifty Bar","FB-VCD","20.00","","The Fifty Bar disposable vape offers a high-quality experience with American-made e-liquid, featuring a range of delicious dessert, fruit, and tobacco flavors.","The Vanilla Custard Fifty Bar is now available at Z SMOKE SHOP in Austin, TX for only $20.00! This premium disposable device is an instant classic, proudly Built in the USA and pre-filled with high-quality American-made e-liquid. Known for its consistent performance and unique flavor variety, including gourmet dessert and fresh fruit blends. Visit Z SMOKE SHOP at 719 W William Cannon Dr #105, Austin, TX 78745 today!",""
"Wazza Limon Fifty Bar","Disposable Nicotine Vapes","Fifty Bar","FB-WLZ","20.00","","The Fifty Bar disposable vape offers a high-quality experience with American-made e-liquid, featuring a range of delicious dessert, fruit, and tobacco flavors.","The Wazza Limon Fifty Bar is now available at Z SMOKE SHOP in Austin, TX for only $20.00! This premium disposable device is an instant classic, proudly Built in the USA and pre-filled with high-quality American-made e-liquid. Known for its consistent performance and unique flavor variety, including gourmet dessert and fresh fruit blends. Visit Z SMOKE SHOP at 719 W William Cannon Dr #105, Austin, TX 78745 today!",""
"Yeti Mint Fifty Bar","Disposable Nicotine Vapes","Fifty Bar","FB-YMT","20.00","","The Fifty Bar disposable vape offers a high-quality experience with American-made e-liquid, featuring a range of delicious dessert, fruit, and tobacco flavors.","The Yeti Mint Fifty Bar is now available at Z SMOKE SHOP in Austin, TX for only $20.00! This premium disposable device is an instant classic, proudly Built in the USA and pre-filled with high-quality American-made e-liquid. Known for its consistent performance and unique flavor variety, including gourmet dessert and fresh fruit blends. Visit Z SMOKE SHOP at 719 W William Cannon Dr #105, Austin, TX 78745 today!",""