Product Name,Variant Name,Full Name,Price,Compare At Price,SKU,Product Type,Vendor,Product URL,Image URL,Available,Availability Status,Description,Tags
Hot Knife,Onyx,Hot Knife - Onyx,$50.00,,810028445154,Peak PRO Accessories,Puffco,https://www.puffco.com/products/the-puffco-hot-knife,https://cdn.shopify.com/s/files/1/0319/5549/files/Peak-Pro-_0001_Onyx-HLT-Cap-Off.png?v=1756234969,True,In Stock,"Say goodbye to stickiness. The Hot Knife is a USB-C chargeable loading tool with a ceramic tip that heats at the push of a button. No more dirty dab tools, sticky fingers, or clothes fuzz in your bowl – just hold down the button and watch your extract drop off in 3 seconds.  *Caution - tip gets very","BFCM22, BYOSTEP4, EARLY25, Final Employee Collection, heated loading tool, Peak Accessory, Proxy Accessories, proxyacc, Sale, zip-not-restricted, zip-restricted"
Peak Pro 3DXL,Onyx,Peak Pro 3DXL - Onyx,$420.00,,810028448728,Peak PRO,Puffco,https://www.puffco.com/products/the-peak-pro,https://cdn.shopify.com/s/files/1/0319/5549/files/PeakProOnyxLeft3Quarter3DXL.png?v=1763407824,False,Out of Stock,"The new Peak Pro 3DXL is the pinnacle of hash technology. This premium smart rig delivers incredible flavor and unparalleled performance.Unlock the fullest potential of the plant with its patented 3DXL Chamber, single-button interface, and deep customization via the Connect app. Featuring the Joysti","42025, SEZZLE"
Peak Pro 3DXL,Pearl,Peak Pro 3DXL - Pearl,$420.00,,810028448735,Peak PRO,Puffco,https://www.puffco.com/products/the-peak-pro-pearl,https://cdn.shopify.com/s/files/1/0319/5549/files/PeakProPearlLeft3Quarter3DXL.png?v=1755801933,True,In Stock,"  The new Peak Pro 3DXL is the pinnacle of hash technology. This premium smart rig delivers incredible flavor and unparalleled performance.Unlock the fullest potential of the plant with its patented 3DXL Chamber, single-button interface, and deep customization via the Connect app. Featuring the Joys","42025, SEZZLE"
Peak Pro 3DXL Chamber,Silver,Peak Pro 3DXL Chamber - Silver,$100.00,,810028446502,Peak PRO Accessories,Puffco,https://www.puffco.com/products/peak-pro-3d-xl-chamber,https://cdn.shopify.com/s/files/1/0319/5549/files/3dxl_0004_Layer-Comp-5.png?v=1763421662,True,In Stock,"78% larger bowl. 2x more vapor. The Peak Pro 3DXL is the world’s first high capacity e-rig chamber. Delivering the same incredible flavor and consistency our patented 3D technology is known for, the 3DXL’s deeper chamber and XL Joystick let you load fuller and rip harder—with less reclaim. The 3DXL ",
Peak Pro 3D Chamber,Default Title,Peak Pro 3D Chamber,$75.00,,810028442979,Peak PRO Accessories,Puffco,https://www.puffco.com/products/peak-pro-3d-chamber,https://cdn.shopify.com/s/files/1/0319/5549/products/3DChamber.png?v=1635531440,True,In Stock,"Our patented 3D Chamber gives you better flavor and a consistent hit every time. Innovative sensors provide real-time temperature control, while heat traces embedded in the ceramic walls vaporize concentrate from the sides – not the bottom. This top-tier technology protects the terpenes and cannabin","Accessory, Atomizer, BFCM22, Final Employee Collection, Peak PRO, product-disclaimer, zip-restricted"
Peak Pro 3DXL Chamber,Limited Edition Black,Peak Pro 3DXL Chamber - Limited Edition Black,$100.00,,850068033430,Peak PRO Accessories,Puffco,https://www.puffco.com/products/peak-pro-black-3dxl-chamber,https://cdn.shopify.com/s/files/1/0319/5549/files/3DXL_Black_Interior_Gallery.png?v=1763426344,True,In Stock,"78% larger bowl. 2x more vapor. The Peak Pro 3DXL is the world’s first high capacity e-rig chamber. Delivering the same incredible flavor and consistency our patented 3D technology is known for, the 3DXL’s deeper chamber and XL Joystick let you load fuller and rip harder—with less reclaim. The 3DXL ",BFCM25
Peak,Onyx,Peak - Onyx,$220.00,,810028447004,Peak,Puffco,https://www.puffco.com/products/the-peak,https://cdn.shopify.com/s/files/1/0319/5549/files/onyx_0003_Peak-Onyx-3Quarters-Left.png?v=1765323176,True,In Stock,"<span>The new Peak is the most effortless dab experience ever. Smarter, simpler, and comfy in-hand, our original intelligent vaporizer now features a 3D Chamber, Joystick Cap, and real-time temperature control. With its seamless single-button interface, premium water filtration and four dialed heat ",
Peak,Bliss,Peak - Bliss,$220.00,,810028449831,Peak,Puffco,https://www.puffco.com/products/the-peak-bliss,https://cdn.shopify.com/s/files/1/0319/5549/files/Peak-Cloud-3Quarters-Left.png?v=1739226008,True,In Stock,"<span>The new Peak is the most effortless dab experience ever. Smarter, simpler, and comfy in-hand, our original intelligent vaporizer now features a 3D Chamber, Joystick Cap, and real-time temperature control. With its seamless single-button interface, premium water filtration and four dialed heat ",
Peak 3D Chamber,Default Title,Peak 3D Chamber,$60.00,,810028448117,Peak Accessories,Puffco,https://www.puffco.com/products/new-peak-3d-chamber,https://cdn.shopify.com/s/files/1/0319/5549/files/chambernsticks_0000_Peak_-Chamber_-Joystick-Cap_-Onyx.png?v=1721265198,True,In Stock,"The new Peak 3D Chamber gives you bigger clouds, better flavor, and a consistent hit every time. Innovative sensors provide real-time temperature control, while heat traces embedded in the ceramic walls vaporize concentrate from the sides — not the bottom. <meta charset=""utf-8"">This top-tier technol",
Pivot,Onyx,Pivot - Onyx,$130.00,,810028446687,Pivot,Puffco,https://www.puffco.com/products/pivot,https://cdn.shopify.com/s/files/1/0319/5549/files/ProxyOnly_0000_Pivot_-Onyx_-Font-Facing_-Light-On.png?v=1763421697,True,In Stock,"The Pivot puts the full Puffco experience in your pocket. The same size as a dab pen, this discreet, mobile vaporizer features a quick-release 3D Chamber that delivers premium flavor and real-time temperature control. With a light bar that serves as a visual dab timer, haptic feedback, a single-butt",Zelda
Pivot 3D Chamber 2-Pack,Default Title,Pivot 3D Chamber 2-Pack,$60.00,,810028448094,Pivot Accessories,Puffco,https://www.puffco.com/products/pivot-3d-chamber,https://cdn.shopify.com/s/files/1/0319/5549/files/chambers_0000_Pivot-Onyx_-2-Pack_-3D-Chamber_-Open.png?v=1728933623,True,In Stock,"Pivot’s quick-release 3D Chamber 2-Pack ensures you’re ready for anything. Preload the chambers before you head out, and pop on a fresh one with a twist whenever you need it. With Pivot's innovative algorithm driving the experience, you get consistent temps, big vapor, and incredible flavor.  Availa",Zelda
New Proxy,Onyx,New Proxy - Onyx,$250.00,,810028449893,Kits,Puffco,https://www.puffco.com/products/proxy-kit,https://cdn.shopify.com/s/files/1/0319/5549/files/Proxy_-Onyx_-Profile_-Left.png?v=1764658788,True,In Stock,"The new Proxy is smarter, smoother, and more powerful. A refined shape delivers bigger, cleaner hits with a refined feel in your hand. The upgraded 3D Chamber unlocks bigger dabs, better flavor, and reduces splash out. Bluetooth control via the Puffco Connect App puts full control of temp, session t","Proxy V2, TOAD"
New Proxy,Haze,New Proxy - Haze,$250.00,,810028449909,Kits,Puffco,https://www.puffco.com/products/proxy-kit-haze,https://cdn.shopify.com/s/files/1/0319/5549/files/Proxy_-Haze_-Profile_-Left.png?v=1764658784,True,In Stock,"The new Proxy is smarter, smoother, and more powerful. A refined shape delivers bigger, cleaner hits with a refined feel in your hand. The upgraded 3D Chamber unlocks bigger dabs, better flavor, and reduces splash out. Bluetooth control via the Puffco Connect App puts full control of temp, session t","Proxy V2, TOAD"
Peak,Canyon,Peak - Canyon,$220.00,,850068033263,Peak,Puffco,https://www.puffco.com/products/the-peak-canyon,https://cdn.shopify.com/s/files/1/0319/5549/files/Puffco_Peak_Canyon_3Quarters-Left_900x1200_ca3a2ac2-d661-4efb-93ba-6322eb5eef65.png?v=1761587148,True,In Stock,"The new Peak is the most effortless dab experience ever. Smarter, simpler, and comfy in-hand, our original intelligent vaporizer now features a 3D Chamber, Joystick Cap, and real-time temperature control. With its seamless single-button interface, premium water filtration and four dialed heat preset",S2 Q425
Peak,Pine,Peak - Pine,$220.00,,850068033232,Peak,Puffco,https://www.puffco.com/products/the-peak-pine,https://cdn.shopify.com/s/files/1/0319/5549/files/Puffco_Peak_Pine_01_3Quarters-Left_900x1200_c490a493-3a26-4676-a135-cf32b8ecdb9f.png?v=1761587143,True,In Stock,"The new Peak is the most effortless dab experience ever. Smarter, simpler, and comfy in-hand, our original intelligent vaporizer now features a 3D Chamber, Joystick Cap, and real-time temperature control. With its seamless single-button interface, premium water filtration and four dialed heat preset",S2 Q425
Pivot,Pine,Pivot - Pine,$130.00,,850068033195,Pivot,Puffco,https://www.puffco.com/products/pivot-pine,https://cdn.shopify.com/s/files/1/0319/5549/files/Pivot_-Pine_-Font-Facing_-Light-On.png?v=1761587138,True,In Stock,"The Pivot puts the full Puffco experience in your pocket. The same size as a pen, this discreet, mobile vaporizer features a quick-release 3D Chamber that delivers premium flavor and real-time temperature control. With a light bar that serves as a visual dab timer, haptic feedback, a single-button i","S2 Q425, Zelda"
Pivot Pine Mouthpiece 2-Pack,Pine,Pivot Pine Mouthpiece 2-Pack - Pine,$15.00,,850068033225,Pivot Accessories,Puffco,https://www.puffco.com/products/pivot-pine-mouthpiece-2-pack,https://cdn.shopify.com/s/files/1/0319/5549/files/Puffco_Pivot_Mouthpiece_2Pack_Pine_900x1200_38ea8108-8e58-4dd3-8225-3205c5aae7e5.png?v=1761603077,True,In Stock,"The Pivot Mouthpiece is soft silicone and features a directional airpath, specifically designed to maximize vapor and reduce splashback. The threadless cap closure and connected tether keep your concentrate secure and minimize reclaim build-up.  Available in Mocha and Pine.
  
<p style=""font-style: ","S2 Q425, Zelda"
New Proxy Wizard,Onyx,New Proxy Wizard - Onyx,$100.00,,850068033126,Proxy Accessory,Puffco,https://www.puffco.com/products/proxy-wizard,https://cdn.shopify.com/s/files/1/0319/5549/files/Proxy-V2_-Onyx_-Wiz_-Left_-Empty.png?v=1758153301,True,In Stock," The Proxy Wizard is an elegant dry pipe designed to bring both style and performance to your ritual. Its long spiral stem cools vapor before it reaches you, delivering smooth, flavorful hits with every draw. The hand-blown borosilicate glass adds refined artistry, while the grooved bowl provides a ","BYOP 2.0, Proxy V2, proxyacc, TOAD"
New Proxy Wizard,Haze,New Proxy Wizard - Haze,$100.00,,850068033140,Proxy Accessory,Puffco,https://www.puffco.com/products/proxy-wizard-haze,https://cdn.shopify.com/s/files/1/0319/5549/files/Proxy-V2_-Wiz_-Haze_-Left-Empty.png?v=1758153283,True,In Stock," The Proxy Wizard is an elegant dry pipe designed to bring both style and performance to your ritual. Its long spiral stem cools vapor before it reaches you, delivering smooth, flavorful hits with every draw. The hand-blown borosilicate glass adds refined artistry, while the grooved bowl provides a ","BYOP 2.0, Proxy V2, proxyacc, TOAD"
New Proxy Bub,Onyx,New Proxy Bub - Onyx,$100.00,,850068033133,Proxy Accessory,Puffco,https://www.puffco.com/products/proxy-bub,https://cdn.shopify.com/s/files/1/0319/5549/files/Proxy_-Onyx_-Bub_-Left_-Empty.png?v=1757516621,True,In Stock," The Proxy Bub brings water filtration to your ritual, cooling each draw for a smoother, more flavorful hit. With a stable, upright design and a comfortable hold, it’s made for the kind of sessions that don’t rush. Whether you're winding down or dialing in, the Bub adds a clean, classic element to y","BYOP 2.0, Proxy V2, proxyacc, TOAD"
New Proxy Bub,Haze,New Proxy Bub - Haze,$100.00,,850068033157,Proxy Accessory,Puffco,https://www.puffco.com/products/proxy-bub-haze,https://cdn.shopify.com/s/files/1/0319/5549/files/Proxy-V2_-Haze_-Bub_-Left-Empty_e67cf38c-d134-46e4-833e-7c5a4f8464a0.png?v=1758153324,True,In Stock," The Proxy Bub brings water filtration to your ritual, cooling each draw for a smoother, more flavorful hit. With a stable, upright design and a comfortable hold, it’s made for the kind of sessions that don’t rush. Whether you're winding down or dialing in, the Bub adds a clean, classic element to y","BYOP 2.0, Proxy V2, proxyacc, TOAD"
New Proxy 3D Chamber,Default Title,New Proxy 3D Chamber,$50.00,,810028449916,Proxy Accessory,Puffco,https://www.puffco.com/products/new-proxy-3d-chamber,https://cdn.shopify.com/s/files/1/0319/5549/files/Proxy-V2_-Chamber_-Onyx_-Forward.png?v=1757516621,True,In Stock,"The new Proxy 3D Chamber is engineered exclusively for the new Proxy. With a taller, larger bowl, it unlocks bigger dab and minimizes splash out. Patented 3D heating technology preserves terpenes and cannabinoids, so every session delivers clean, flavorful vapor with a bigger impact.
 Only compatibl","BYOP 2.0, Proxy V2, proxyacc, TOAD"
Peak Atomizer,Single Pack,Peak Atomizer - Single Pack,$40.00,,851788007237,Accessory,Puffco,https://www.puffco.com/products/the-peak-atomizer,https://cdn.shopify.com/s/files/1/0319/5549/products/NewAtomizer.png?v=1765307747,True,In Stock,"The Peak Atomizer is the magic behind the Peak experience. Made without any coils, glues, plastics or fibers, the Atomizer is designed for the purest consumption experience ever. Contains a ceramic bowl that provides optimal flavor and heat performance.
 
<meta charset=""utf-8""><span>Only compatible ","710, Accessory, Atomizer, BFCM22, EARLY25, Final Employee Collection, Peak, Peak 4/20, Peak Accessory, product-disclaimer, zip-restricted"
Puffco Travel Case,Daybreak,Puffco Travel Case - Daybreak,$50.00,,850068033393,Peak PRO Accessories,Puffco,https://www.puffco.com/products/puffco-travel-case-daybreak,https://cdn.shopify.com/s/files/1/0319/5549/files/TravelCaseDaybreakClosed_672b7591-c7ff-4e29-bf38-480384bb6367.png?v=1750723022,True,In Stock,"The Travel Case keeps your stash organized. Featuring a ridged hard aluminum exterior with a magnetic lid closure and soft silicone inside to reduce rattling, the Travel Case has room for a Pivot + Hot Knife, up to 3 jars, cotton swabs, a covered section for trash, and anything else you might need.
","bis-hidden, Daybreak"
Pivot + Hot Knife,Onyx,Pivot + Hot Knife - Onyx,$180.00,,,Pivot,Puffco,https://www.puffco.com/products/onyx-pivot-hot-knife,https://cdn.shopify.com/s/files/1/0319/5549/files/onyxpivot-onyxhotknife_v2.png?v=1756234928,True,In Stock,"Pivot + Hot Knife ships free.
 
The Pivot + Hot Knife Onyx Bundle is designed for smooth, efficient sessions. With Pivot in Onyx and a matching Onyx Hot Knife, this duo makes loading easy and delivers big clouds — all in a discreet, portable form.
 
Includes:
<ul>
<li>- Pivot - Onyx</li>
<li>- Hot K","bis-hidden, evergreenbundle"
Peak + Hot Knife,Onyx & Onyx,Peak + Hot Knife - Onyx & Onyx,$270.00,,,Peak,Puffco,https://www.puffco.com/products/onyx-peak-onyx-hot-knife,https://cdn.shopify.com/s/files/1/0319/5549/files/NewPeak_HotKnife_Bundle_Onyx_Onyx_R2.png?v=1724718969,True,In Stock,"Who knew the most effortless dab ever and the most effortless loading tool ever could look this good together? Smarter, simpler, and seamless — the new Onyx Peak and Onyx Hot Knife are a match made in hash heaven.
 <span>Available in Onyx and Cloud.</span> 
 
Includes:
<ul>
<li>- Peak - Onyx</li>
<l","bis-hidden, bis-paused, evergreenbundle"
Peak Pro 3DXL Set,Pearl,Peak Pro 3DXL Set - Pearl,$520.00,,,Peak PRO,Puffco,https://www.puffco.com/products/pearl-peak-pro-3dxl-set,https://cdn.shopify.com/s/files/1/0319/5549/files/pearlpeakpro-pearltravelcase-pearlhotknife-bundle.png?v=1755723999,True,In Stock,"Clean design. Complete setup.
 
The Peak Pro Pearl Set offers a polished look with everything in one set. Featuring the Peak Pro, Hot Knife, and Travel Case in Pearl, this bundle delivers cohesive style and reliable performance session after session.
 
Includes:
<ul>
<li>- Peak Pro 3DXL - Pearl</li>","bis-hidden, evergreenbundle"
Peak Pro 3DXL Set,Onyx,Peak Pro 3DXL Set - Onyx,$520.00,,,Peak PRO,Puffco,https://www.puffco.com/products/onyx-peak-pro-3dxl-set,https://cdn.shopify.com/s/files/1/0319/5549/files/onyxpeakpro-pearltravelcase-onyxhotknife-bundle.png?v=1755723992,True,In Stock,"Performance, perfected.
 
The Peak Pro Onyx Set brings everything together for a sharp, functional setup. Featuring the Peak Pro in Onyx, paired with an Onyx Hot Knife and a Pearl Travel Case, this set is built to keep your ritual smooth and consistent wherever it goes.
 
Includes:
<ul>
<li>- Peak P","bis-hidden, evergreenbundle"
Proxy 3D Chamber,Default Title,Proxy 3D Chamber,$50.00,,810028443570,Proxy Accessory,Puffco,https://www.puffco.com/products/proxy-chamber,https://cdn.shopify.com/s/files/1/0319/5549/products/MainProxy_0001_chamber.png?v=1654644971,True,In Stock,"The 3D Chamber is a game changer. This innovative ceramic bowl uses patented technology to preserve terpenes and cannabinoids. As you inhale, heating traces vaporize your extract on the sides of the chamber – not the bottom – so you can enjoy bigger, better tasting hits.
 
<p style=""font-style: ital","Accessory, BYOSTEP4, DoubleFeature, EARLY25, product-disclaimer, Proxy Accessories, proxyacc, zip-restricted"
Pivot Glass Adapter,Default Title,Pivot Glass Adapter,$60.00,,810028448087,Pivot Accessories,Puffco,https://www.puffco.com/products/pivot-glass-adapter,https://cdn.shopify.com/s/files/1/0319/5549/files/adapter_0000_Pivot-Glass-Adapter_-Right.png?v=1763421697,True,In Stock,"The Glass Adapter makes it easy to add 3D Chamber tech to your favorite glass rig or bong. Simply twist the Adapter onto the Pivot base, insert the glass joint into your piece, and enjoy better flavor and bigger vapor with less hassle.  Includes a quick-release 3D Chamber and 10mm + 14mm glass joint",Zelda
Puffco Travel Case,Pearl,Puffco Travel Case - Pearl,$50.00,,810028446908,Pivot Accessories,Puffco,https://www.puffco.com/products/puffco-travel-case,https://cdn.shopify.com/s/files/1/0319/5549/files/pokeball_0000_Travel-Case_-Silver_-Closed_8a260836-4898-4984-9850-566b2fbcc928.png?v=1755802043,True,In Stock,"The Travel Case keeps your stash organized. Featuring a ridged hard aluminum exterior with a magnetic lid closure and soft silicone inside to reduce rattling, the Travel Case has room for a Pivot + Hot Knife, up to 3 jars, cotton swabs, a covered section for trash, and anything else you might need.
","bis-hidden, Zelda"
Pivot Mocha Mouthpiece 2-Pack,Mocha,Pivot Mocha Mouthpiece 2-Pack - Mocha,$15.00,,850068033010,Pivot Accessories,Puffco,https://www.puffco.com/products/pivot-mouthpiece-mocha,https://cdn.shopify.com/s/files/1/0319/5549/files/mouthpieces_mocha_0002_pivot.png?v=1742586240,True,In Stock,"The Pivot Mouthpiece is soft silicone and features a directional airpath, specifically designed to maximize vapor and reduce splashback. The threadless cap closure and connected tether keep your concentrate secure and minimize reclaim build-up.  Available in Mocha.
  
<p style=""font-style: italic; f","Mocha, Zelda"
Proxy Ryan Fitt Recycler,Default Title,Proxy Ryan Fitt Recycler,$200.00,,810028445093,Proxy Accessory,Puffco,https://www.puffco.com/products/proxy-ryan-fitt-recycler,https://cdn.shopify.com/s/files/1/0319/5549/files/first_1.png?v=1705360002,True,In Stock,"Master glassblower Ryan Fitt has done it again. Beautiful and balanced, the Proxy Ryan Fitt Recycler delivers bigger, cooler hits with Ryan’s signature recycling action and style. This borosilicate glass Piece is the latest in the Proxy Collection, fitting comfortably in hand and effortlessly blendi",proxyacc
Ryan Fitt Recycler Glass 2.0,Default Title,Ryan Fitt Recycler Glass 2.0,$300.00,,810028442771,Peak PRO Accessories,Puffco,https://www.puffco.com/products/ryan-fitt-recycler-glass-2-0,https://cdn.shopify.com/s/files/1/0319/5549/products/heroRyan_d74bc0cc-577a-4a2d-830c-9095333fc359.png?v=1763421662,True,In Stock,"The Ryan Fitt Recycler 2.0 is our second collaboration with master glassblower Ryan Fitt. This glass Top for the Peak &amp; Peak Pro is not only beautifully designed, it has better filtration and adds even more water volume than the first Recycler. Cooler, bigger, more consistent hits – 2.0.   ","Final Employee Collection, Peak PRO Accessory, zip-restricted"
Ryan Fitt Recycler Glass,Default Title,Ryan Fitt Recycler Glass,$250.00,,810028440326,Peak PRO Accessories,Puffco,https://www.puffco.com/products/ryan-fitt-recycler-glass,https://cdn.shopify.com/s/files/1/0319/5549/products/Recycler.png?v=1588334336,True,In Stock,"The Ryan Fitt Recycler is a collaboration with master glassblower Ryan Fitt. This glass Top for the Peak &amp; Peak Pro provides more water volume and improved filtration, featuring a fluted inner funnel and external intake tubes for a cooler, bigger, more consistent hit. ","""Final Employee Collection"", ""Peak Accessory"", ""zip-restricted""], [""EARLY25"""
Peak Pro Glass 2.0,Default Title,Peak Pro Glass 2.0,$100.00,,810028445147,Peak PRO Accessories,Puffco,https://www.puffco.com/products/peak-pro-glass-2-0,https://cdn.shopify.com/s/files/1/0319/5549/files/TheNewPeakProGlass.png?v=1694471309,True,In Stock,The Peak Pro Glass 2.0 is beauty and performance combined. Dual hand-blown borosilicate glass chambers showcase an elegant spiral design within. Five laser cut perc slots deliver improved airflow and filtration. And it can be easily detached and reattached from the base to make cleaning and swapping,"Accessory, BFCM22, EARLY25, Final Employee Collection, Glass, Glass Top, Peak PRO, zip-restricted"
Peak Glass,Default Title,Peak Glass,$80.00,,810028448360,Peak PRO Accessories,Puffco,https://www.puffco.com/products/new-peak-glass,https://cdn.shopify.com/s/files/1/0319/5549/files/Peak_Glass2.png?v=1721689996,True,In Stock,"The Peak Glass is beauty and performance combined. Dual hand-blown borosilicate glass chambers showcase a simple yet precise design within. Two sets of laser cut perc holes at the base deliver improved airflow and filtration. And, you easily detach and reattach the glass from the base to make cleani",
Peak Pro Travel Glass,Default Title,Peak Pro Travel Glass,$125.00,,810028441811,Peak PRO Accessories,Puffco,https://www.puffco.com/products/puffco-travel-glass,https://cdn.shopify.com/s/files/1/0319/5549/files/Travel_Glass_WEBIMAGERY_85b8c34d-4bb0-40be-93bb-2baecdfda8b4.png?v=1696025098,True,In Stock,"Take a trip. The Peak Pro Travel Glass is a patented top for the Peak Pro and Peak that allows you to lock water inside the chamber by twisting the mouthpiece. Less spills, better portability, saves water. Dab on the go.
<div id=""awebChromeHelper""></div>","BFCM22, EARLY25, Final Employee Collection, Peak Accessory, Peak PRO, zip-restricted"
Peak Pro Travel Glass,Shadow Black,Peak Pro Travel Glass - Shadow Black,$125.00,,810028442641,Peak PRO Accessories,Puffco,https://www.puffco.com/products/the-puffco-colored-travel-glass,https://cdn.shopify.com/s/files/1/0319/5549/products/Black-Front_8eb95e91-85eb-4324-be96-83fa84ed183d.png?v=1631570964,True,In Stock,"Take a trip. The Puffco Travel Glass is a patented Top for the Peak Pro and Peak that allows you to lock water inside the chamber by twisting the mouthpiece. Less spills, better portability, saves water. Dab on the go.","BFCM22, EARLY25, Final Employee Collection, Peak Accessory, Peak PRO, Peak PRO Accessory, zip-restricted"
Peak Pro Travel Glass,Royal Blue,Peak Pro Travel Glass - Royal Blue,$125.00,,810028442658,Peak PRO Accessories,Puffco,https://www.puffco.com/products/the-puffco-colored-travel-glass,https://cdn.shopify.com/s/files/1/0319/5549/products/Black-Front_8eb95e91-85eb-4324-be96-83fa84ed183d.png?v=1631570964,False,Out of Stock,"Take a trip. The Puffco Travel Glass is a patented Top for the Peak Pro and Peak that allows you to lock water inside the chamber by twisting the mouthpiece. Less spills, better portability, saves water. Dab on the go.","BFCM22, EARLY25, Final Employee Collection, Peak Accessory, Peak PRO, Peak PRO Accessory, zip-restricted"
Peak Pro Travel Glass,Pink Breast Cancer Awareness,Peak Pro Travel Glass - Pink Breast Cancer Awareness,$125.00,,810028443020,Peak PRO Accessories,Puffco,https://www.puffco.com/products/the-puffco-colored-travel-glass,https://cdn.shopify.com/s/files/1/0319/5549/products/Black-Front_8eb95e91-85eb-4324-be96-83fa84ed183d.png?v=1631570964,False,Out of Stock,"Take a trip. The Puffco Travel Glass is a patented Top for the Peak Pro and Peak that allows you to lock water inside the chamber by twisting the mouthpiece. Less spills, better portability, saves water. Dab on the go.","BFCM22, EARLY25, Final Employee Collection, Peak Accessory, Peak PRO, Peak PRO Accessory, zip-restricted"
Peak Pro Travel Glass,Ultraviolet,Peak Pro Travel Glass - Ultraviolet,$125.00,,810028442665,Peak PRO Accessories,Puffco,https://www.puffco.com/products/the-puffco-colored-travel-glass,https://cdn.shopify.com/s/files/1/0319/5549/products/Black-Front_8eb95e91-85eb-4324-be96-83fa84ed183d.png?v=1631570964,False,Out of Stock,"Take a trip. The Puffco Travel Glass is a patented Top for the Peak Pro and Peak that allows you to lock water inside the chamber by twisting the mouthpiece. Less spills, better portability, saves water. Dab on the go.","BFCM22, EARLY25, Final Employee Collection, Peak Accessory, Peak PRO, Peak PRO Accessory, zip-restricted"
Peak Pro Joystick Cap,Onyx,Peak Pro Joystick Cap - Onyx,$40.00,,810028445161,Peak PRO Accessories,Puffco,https://www.puffco.com/products/peak-pro-joystick-cap,https://cdn.shopify.com/s/files/1/0319/5549/files/peakpro_joystick_0000_Onyx-Joystick-Cap.png?v=1698156620,True,In Stock,"Never stuck. Less maintenance. Always fun. The Peak Pro Joystick Cap provides precise 360º directional airflow for more consistent heating, giving you bigger clouds and better flavor. Made of shatterproof stainless steel and silicone, the Joystick’s design is easy to clean and prevents reclaim from ",Limited
Peak Pro Joystick Cap,Desert,Peak Pro Joystick Cap - Desert,$40.00,,810028446397,Peak PRO Accessories,Puffco,https://www.puffco.com/products/peak-pro-joystick-cap,https://cdn.shopify.com/s/files/1/0319/5549/files/peakpro_joystick_0000_Onyx-Joystick-Cap.png?v=1698156620,False,Out of Stock,"Never stuck. Less maintenance. Always fun. The Peak Pro Joystick Cap provides precise 360º directional airflow for more consistent heating, giving you bigger clouds and better flavor. Made of shatterproof stainless steel and silicone, the Joystick’s design is easy to clean and prevents reclaim from ",Limited
Peak Pro Joystick Cap,Pearl,Peak Pro Joystick Cap - Pearl,$40.00,,810028445932,Peak PRO Accessories,Puffco,https://www.puffco.com/products/peak-pro-joystick-cap,https://cdn.shopify.com/s/files/1/0319/5549/files/peakpro_joystick_0004_Pearl-Joystick-Cap.png?v=1698156620,True,In Stock,"Never stuck. Less maintenance. Always fun. The Peak Pro Joystick Cap provides precise 360º directional airflow for more consistent heating, giving you bigger clouds and better flavor. Made of shatterproof stainless steel and silicone, the Joystick’s design is easy to clean and prevents reclaim from ",Limited
Peak Joystick Cap + Tether,Cloud,Peak Joystick Cap + Tether - Cloud,$35.00,,810028448322,Peak PRO Accessories,Puffco,https://www.puffco.com/products/peak-joystick-cap-tether-cloud,https://cdn.shopify.com/s/files/1/0319/5549/files/chambernsticks_0005_joy3.png?v=1721264273,False,Out of Stock,"Never stuck. Less maintenance. Always fun. The new Peak Joystick Cap provides precise 360º directional airflow for more consistent heating, giving you bigger clouds and better flavor. Made of shatterproof stainless steel and silicone, the Joystick’s design is easy to clean and prevents reclaim from ",
E-Gift Card,25,E-Gift Card - 25,$25.00,,GIFTCARD25,Gift Card,Puffco,https://www.puffco.com/products/gift-card,https://cdn.shopify.com/s/files/1/0319/5549/files/giftcard2_shopready.png?v=1765309754,True,In Stock,<span>Shopping for someone else but not sure what to give them? Give them the gift of choice with a Puffco gift card.</span>  <span>Gift cards are delivered by email and contain instructions to redeem them at checkout. Our gift cards have no additional processing fees.</span>,"Gift Card, YBlocklist, zip-restricted"
E-Gift Card,50,E-Gift Card - 50,$50.00,,GIFTCARD50,Gift Card,Puffco,https://www.puffco.com/products/gift-card,https://cdn.shopify.com/s/files/1/0319/5549/files/giftcard2_shopready.png?v=1765309754,True,In Stock,<span>Shopping for someone else but not sure what to give them? Give them the gift of choice with a Puffco gift card.</span>  <span>Gift cards are delivered by email and contain instructions to redeem them at checkout. Our gift cards have no additional processing fees.</span>,"Gift Card, YBlocklist, zip-restricted"
E-Gift Card,100,E-Gift Card - 100,$100.00,,GIFTCARD100,Gift Card,Puffco,https://www.puffco.com/products/gift-card,https://cdn.shopify.com/s/files/1/0319/5549/files/giftcard2_shopready.png?v=1765309754,True,In Stock,<span>Shopping for someone else but not sure what to give them? Give them the gift of choice with a Puffco gift card.</span>  <span>Gift cards are delivered by email and contain instructions to redeem them at checkout. Our gift cards have no additional processing fees.</span>,"Gift Card, YBlocklist, zip-restricted"
Proxy Travel Bag,Black,Proxy Travel Bag - Black,$70.00,,810028445055,Proxy Accessory,Puffco,https://www.puffco.com/products/proxy-bag,https://cdn.shopify.com/s/files/1/0319/5549/products/proxybag_0005_Proxy-Bag---Black---Front.png?v=1764979720,True,In Stock,"High fashion, high function. With a quick-access loading tray, hidden compartment, and 8 pockets, the Proxy Travel Bag lets you dab anywhere. Symmetrical design for righties and lefties. A fully adjustable strap that fits all bodies. 300d ripstop nylon for durability. Quilted padding to protect your","Accessory, BYOSTEP4, DoubleFeature, Proxy Accessories, proxyacc, zip-not-restricted"
Proxy Travel Bag,Desert,Proxy Travel Bag - Desert,$70.00,,810028445062,Proxy Accessory,Puffco,https://www.puffco.com/products/proxy-bag,https://cdn.shopify.com/s/files/1/0319/5549/products/proxybag_0000_Proxy-Bag---Desert---Front.png?v=1764979720,True,In Stock,"High fashion, high function. With a quick-access loading tray, hidden compartment, and 8 pockets, the Proxy Travel Bag lets you dab anywhere. Symmetrical design for righties and lefties. A fully adjustable strap that fits all bodies. 300d ripstop nylon for durability. Quilted padding to protect your","Accessory, BYOSTEP4, DoubleFeature, Proxy Accessories, proxyacc, zip-not-restricted"
Proxy Carb Cap with Tether,Default Title,Proxy Carb Cap with Tether,$25.00,,810028445444,Proxy Accessory,Puffco,https://www.puffco.com/products/proxy-chamber-carb-cap-tether,https://cdn.shopify.com/s/files/1/0319/5549/products/MainProxy_0006_tether_2bdb4ad8-382f-4621-b51f-f077d0573467.png?v=1676298819,True,In Stock,"The Proxy Carb Cap &amp; Tether features a directional airpath that works in tandem with our 3D Chamber to increase vapor production. The press-fit connection locks into the Proxy chamber, keeping your extract where it belongs.","Accessory, DoubleFeature, EARLY25, Proxy Accessories, zip-restricted"
Plus Mouthpiece,Onyx,Plus Mouthpiece - Onyx,$20.00,,810028446540,Mouthpiece,Puffco,https://www.puffco.com/products/plus-mouthpiece,https://cdn.shopify.com/s/files/1/0319/5549/files/black_lo_0005___mouthpiece_5d85acd8-4670-4992-b41d-611ff5d52f2c.png?v=1698106788,False,Out of Stock,"<meta charset=""utf-8""><span class=""NormalTextRun SCXW149208875 BCX0"" data-mce-fragment=""1"">Dab on-the-go easier than ever. The Plus mouthpiece houses the Dart – our patented all-in-one loading tool, splash guard, and carb cap. Extend the Dart by pressing on the silicone top. Scoop your concentrate w","New Plus, YBlocklist"
Plus Mouthpiece,Pearl,Plus Mouthpiece - Pearl,$20.00,,810028446625,Mouthpiece,Puffco,https://www.puffco.com/products/plus-mouthpiece,https://cdn.shopify.com/s/files/1/0319/5549/files/black_lo_0005___mouthpiece_5d85acd8-4670-4992-b41d-611ff5d52f2c.png?v=1698106788,False,Out of Stock,"<meta charset=""utf-8""><span class=""NormalTextRun SCXW149208875 BCX0"" data-mce-fragment=""1"">Dab on-the-go easier than ever. The Plus mouthpiece houses the Dart – our patented all-in-one loading tool, splash guard, and carb cap. Extend the Dart by pressing on the silicone top. Scoop your concentrate w","New Plus, YBlocklist"
Plus Chamber - Onyx,Default Title,Plus Chamber - Onyx,$25.00,,810028446564,Coil,Puffco,https://www.puffco.com/products/plus-chamber-onyx,https://cdn.shopify.com/s/files/1/0319/5549/files/black_lo_0004___chamber_1.png?v=1698162595,True,In Stock,"<meta charset=""utf-8"">
Where the magic happens. The Plus Chamber is made from ceramic for easy cleaning and cleaner vapor, no coils, glues, or fibers. Enjoy a discreet and flavorful experience anywhere you go.
 
<p style=""color: gray; font-size: smaller;""><em> *Mouthpiece and Battery Not Included*</",New Plus
Stars Hat,Default Title,Stars Hat,$40.00,,850076734770,Merch,Puffco,https://www.puffco.com/products/stars-hat,https://cdn.shopify.com/s/files/1/0319/5549/files/Puffco_HM25_Star-Hat_0001_Front_900x1200_1f0eca31-a4ae-41a3-a1b8-e465b7edb409.png?v=1765499906,True,In Stock,"Six-star hash, six-star hat. Full melt magic.
 
- 6 panel, low profile, unstructured - Buckle closure - 100% washed cotton - Pre-curved visor",
All Stars Hoodie,S,All Stars Hoodie - S,$80.00,,810208270323,Merch,Puffco,https://www.puffco.com/products/all-stars-hoodie,https://cdn.shopify.com/s/files/1/0319/5549/files/Puffco_HM25_All-Star-Hoodie_0001_Front_900x1200_ecb44af0-dba9-4f1e-b8da-4f6b9308500d.png?v=1765499906,False,Out of Stock,"NYC to LA. Putting on for the plant since 2013.
 
- 13oz fabric - 70/30 cotton polyester blend - Double lined hood - Drop shoulder, relaxed box fit",
All Stars Hoodie,M,All Stars Hoodie - M,$80.00,,810208270330,Merch,Puffco,https://www.puffco.com/products/all-stars-hoodie,https://cdn.shopify.com/s/files/1/0319/5549/files/Puffco_HM25_All-Star-Hoodie_0001_Front_900x1200_ecb44af0-dba9-4f1e-b8da-4f6b9308500d.png?v=1765499906,False,Out of Stock,"NYC to LA. Putting on for the plant since 2013.
 
- 13oz fabric - 70/30 cotton polyester blend - Double lined hood - Drop shoulder, relaxed box fit",
All Stars Hoodie,L,All Stars Hoodie - L,$80.00,,810208270347,Merch,Puffco,https://www.puffco.com/products/all-stars-hoodie,https://cdn.shopify.com/s/files/1/0319/5549/files/Puffco_HM25_All-Star-Hoodie_0001_Front_900x1200_ecb44af0-dba9-4f1e-b8da-4f6b9308500d.png?v=1765499906,False,Out of Stock,"NYC to LA. Putting on for the plant since 2013.
 
- 13oz fabric - 70/30 cotton polyester blend - Double lined hood - Drop shoulder, relaxed box fit",
All Stars Hoodie,XL,All Stars Hoodie - XL,$80.00,,810208270354,Merch,Puffco,https://www.puffco.com/products/all-stars-hoodie,https://cdn.shopify.com/s/files/1/0319/5549/files/Puffco_HM25_All-Star-Hoodie_0001_Front_900x1200_ecb44af0-dba9-4f1e-b8da-4f6b9308500d.png?v=1765499906,False,Out of Stock,"NYC to LA. Putting on for the plant since 2013.
 
- 13oz fabric - 70/30 cotton polyester blend - Double lined hood - Drop shoulder, relaxed box fit",
All Stars Hoodie,XXL,All Stars Hoodie - XXL,$80.00,,810208270361,Merch,Puffco,https://www.puffco.com/products/all-stars-hoodie,https://cdn.shopify.com/s/files/1/0319/5549/files/Puffco_HM25_All-Star-Hoodie_0001_Front_900x1200_ecb44af0-dba9-4f1e-b8da-4f6b9308500d.png?v=1765499906,False,Out of Stock,"NYC to LA. Putting on for the plant since 2013.
 
- 13oz fabric - 70/30 cotton polyester blend - Double lined hood - Drop shoulder, relaxed box fit",
All Stars Hoodie,XXXL,All Stars Hoodie - XXXL,$80.00,,810208270378,Merch,Puffco,https://www.puffco.com/products/all-stars-hoodie,https://cdn.shopify.com/s/files/1/0319/5549/files/Puffco_HM25_All-Star-Hoodie_0001_Front_900x1200_ecb44af0-dba9-4f1e-b8da-4f6b9308500d.png?v=1765499906,False,Out of Stock,"NYC to LA. Putting on for the plant since 2013.
 
- 13oz fabric - 70/30 cotton polyester blend - Double lined hood - Drop shoulder, relaxed box fit",
More Hash Hat,Default Title,More Hash Hat,$40.00,,850076734763,Merch,Puffco,https://www.puffco.com/products/more-hash-hat,https://cdn.shopify.com/s/files/1/0319/5549/files/Puffco_HM25_More-Hash-Camo-Hat_0001_Front_900x1200_cc8f701f-ab35-451d-ae45-ffc8a4a5e23b.png?v=1765499906,False,Out of Stock,"Blend in. Stand out. More hash, please.
 
- 6 panel, low profile, unstructured - Velcro closure - 100% polyester - Pre-curved visor",
Peak Keychain,Default Title,Peak Keychain,$13.00,,850002061772,Merch,Puffco,https://www.puffco.com/products/the-peak-keychain,https://cdn.shopify.com/s/files/1/0319/5549/files/Puffco_Peak_Merch_Peak-Keychain_900x1200_728cc242-ba8e-40cd-ae8f-7804223a4b90.png?v=1759359441,True,In Stock,"The Puffco Peak Keychain is a compact and stylish accessory designed to keep your essentials secure. Made with durable materials, it features a sleek design that complements other Puffco products. Its lightweight build and attached clip make it easy to carry around, ensuring you have a functional ye","""EARLY25"", ""Final Employee Collection"", ""Merchandise"", ""zip-not-restricted"", ""zip-restricted""], [""BFCM22"", bis-hidden"
Lanyard,Black Camo,Lanyard - Black Camo,$5.00,,810028440135,Merch,Puffco,https://www.puffco.com/products/puffco-lanyard,https://cdn.shopify.com/s/files/1/0319/5549/products/newlanyard1.png?v=1564525112,True,In Stock,,"""bis-hidden"", ""EARLY25"", ""Final Employee Collection"", ""Merchandise"", ""zip-not-restricted"", ""zip-restricted""], [""BFCM22"", YBlocklist"
Lanyard,Tie-Dye,Lanyard - Tie-Dye,$5.00,,810028440142,Merch,Puffco,https://www.puffco.com/products/puffco-lanyard,https://cdn.shopify.com/s/files/1/0319/5549/products/newlanyard2.png?v=1564525112,True,In Stock,,"""bis-hidden"", ""EARLY25"", ""Final Employee Collection"", ""Merchandise"", ""zip-not-restricted"", ""zip-restricted""], [""BFCM22"", YBlocklist"
Puffco Daybreak Dice,Default Title,Puffco Daybreak Dice,$25.00,,850002061918,Accessory,Puffco,https://www.puffco.com/products/daybreak-dice,https://cdn.shopify.com/s/files/1/0319/5549/files/merch_0001_Daybreak_-Merch_-Dice_-In-Case_-Open_-Forward-Facing.png?v=1750723022,True,In Stock,"Throw bones, pass hash. Limited Edition Daybreak inspired dice for all your gaming needs.
 
- Six, 16mm resin dice - Red transparent color - 2.5 x 3-inch tin packaging with foam insert","bis-hidden, Daybreak"
Peak Pin,Default Title,Peak Pin,$10.00,,850002061628,Merch,Puffco,https://www.puffco.com/products/the-peak-pin,https://cdn.shopify.com/s/files/1/0319/5549/files/Puffco_Peak_Merch_Peak-Pin_900x1200_7b3c6b33-2e9f-4e94-a14a-5ed43d9e8093.png?v=1759359751,False,Out of Stock,,"""bis-hidden"", ""EARLY25"", ""Final Employee Collection"", ""Merchandise"", ""zip-not-restricted"", ""zip-restricted""], [""BFCM22"""
Resurgence Shirt,S,Resurgence Shirt - S,$40.00,,810028443150,Merch,Puffco,https://www.puffco.com/products/resurgence-t-shirt,https://cdn.shopify.com/s/files/1/0319/5549/files/Puffco_Merch_Resurgence_Tee_900x1200_13b70645-612e-4ab1-8ce0-915849d1ca45.png?v=1759359636,True,In Stock,"It's a great shirt. At Puffco, we're always experimenting with new styles and designs bridging the familiar with the unexpected. This is one more addition to our collection.
 
- Midweight high-quality fabric  - 100% Ringspun Cotton","""bis-hidden"", ""EARLY25"", ""zip-not-restricted"", ""zip-restricted""], [""BFCM22"""
Resurgence Shirt,M,Resurgence Shirt - M,$40.00,,810028443167,Merch,Puffco,https://www.puffco.com/products/resurgence-t-shirt,https://cdn.shopify.com/s/files/1/0319/5549/files/Puffco_Merch_Resurgence_Tee_900x1200_13b70645-612e-4ab1-8ce0-915849d1ca45.png?v=1759359636,True,In Stock,"It's a great shirt. At Puffco, we're always experimenting with new styles and designs bridging the familiar with the unexpected. This is one more addition to our collection.
 
- Midweight high-quality fabric  - 100% Ringspun Cotton","""bis-hidden"", ""EARLY25"", ""zip-not-restricted"", ""zip-restricted""], [""BFCM22"""
Resurgence Shirt,L,Resurgence Shirt - L,$40.00,,810028443174,Merch,Puffco,https://www.puffco.com/products/resurgence-t-shirt,https://cdn.shopify.com/s/files/1/0319/5549/files/Puffco_Merch_Resurgence_Tee_900x1200_13b70645-612e-4ab1-8ce0-915849d1ca45.png?v=1759359636,True,In Stock,"It's a great shirt. At Puffco, we're always experimenting with new styles and designs bridging the familiar with the unexpected. This is one more addition to our collection.
 
- Midweight high-quality fabric  - 100% Ringspun Cotton","""bis-hidden"", ""EARLY25"", ""zip-not-restricted"", ""zip-restricted""], [""BFCM22"""
Resurgence Shirt,XL,Resurgence Shirt - XL,$40.00,,810028443181,Merch,Puffco,https://www.puffco.com/products/resurgence-t-shirt,https://cdn.shopify.com/s/files/1/0319/5549/files/Puffco_Merch_Resurgence_Tee_900x1200_13b70645-612e-4ab1-8ce0-915849d1ca45.png?v=1759359636,False,Out of Stock,"It's a great shirt. At Puffco, we're always experimenting with new styles and designs bridging the familiar with the unexpected. This is one more addition to our collection.
 
- Midweight high-quality fabric  - 100% Ringspun Cotton","""bis-hidden"", ""EARLY25"", ""zip-not-restricted"", ""zip-restricted""], [""BFCM22"""
Resurgence Shirt,XXL,Resurgence Shirt - XXL,$40.00,,810028443198,Merch,Puffco,https://www.puffco.com/products/resurgence-t-shirt,https://cdn.shopify.com/s/files/1/0319/5549/files/Puffco_Merch_Resurgence_Tee_900x1200_13b70645-612e-4ab1-8ce0-915849d1ca45.png?v=1759359636,False,Out of Stock,"It's a great shirt. At Puffco, we're always experimenting with new styles and designs bridging the familiar with the unexpected. This is one more addition to our collection.
 
- Midweight high-quality fabric  - 100% Ringspun Cotton","""bis-hidden"", ""EARLY25"", ""zip-not-restricted"", ""zip-restricted""], [""BFCM22"""
Resurgence Shirt,XXXL,Resurgence Shirt - XXXL,$40.00,,810028443204,Merch,Puffco,https://www.puffco.com/products/resurgence-t-shirt,https://cdn.shopify.com/s/files/1/0319/5549/files/Puffco_Merch_Resurgence_Tee_900x1200_13b70645-612e-4ab1-8ce0-915849d1ca45.png?v=1759359636,False,Out of Stock,"It's a great shirt. At Puffco, we're always experimenting with new styles and designs bridging the familiar with the unexpected. This is one more addition to our collection.
 
- Midweight high-quality fabric  - 100% Ringspun Cotton","""bis-hidden"", ""EARLY25"", ""zip-not-restricted"", ""zip-restricted""], [""BFCM22"""
Hash O'clock - White,Default Title,Hash O'clock - White,$50.00,,810028443532,Accessory,Puffco,https://www.puffco.com/products/hash-oclock,https://cdn.shopify.com/s/files/1/0319/5549/files/hash-clock-final_noBG.png?v=1701813757,False,Out of Stock,Time flies when you're having hash.,bis-hidden
Bicycle Day Shirt,S,Bicycle Day Shirt - S,$65.00,,810028443938,Merch,Puffco,https://www.puffco.com/products/bicycle-day-t-shirt,https://cdn.shopify.com/s/files/1/0319/5549/files/bicycle_shirt_900x1200_904b7060-b911-48f6-9e5c-ee40e21d976f.png?v=1759871673,False,Out of Stock,"If you know, you know. We made this shirt in celebration of Hofmanns historic ride, that opened a path for the rest of us to discover the magic of the world around and inside of us.
 Each shirt is hand dyed by <strong><a title=""Katyamoondyes"" href=""https://www.instagram.com/katyamoondyes/"" target=""_",bis-hidden
Bicycle Day Shirt,M,Bicycle Day Shirt - M,$65.00,,810028443945,Merch,Puffco,https://www.puffco.com/products/bicycle-day-t-shirt,https://cdn.shopify.com/s/files/1/0319/5549/files/bicycle_shirt_900x1200_904b7060-b911-48f6-9e5c-ee40e21d976f.png?v=1759871673,False,Out of Stock,"If you know, you know. We made this shirt in celebration of Hofmanns historic ride, that opened a path for the rest of us to discover the magic of the world around and inside of us.
 Each shirt is hand dyed by <strong><a title=""Katyamoondyes"" href=""https://www.instagram.com/katyamoondyes/"" target=""_",bis-hidden
Bicycle Day Shirt,L,Bicycle Day Shirt - L,$65.00,,810028443952,Merch,Puffco,https://www.puffco.com/products/bicycle-day-t-shirt,https://cdn.shopify.com/s/files/1/0319/5549/files/bicycle_shirt_900x1200_904b7060-b911-48f6-9e5c-ee40e21d976f.png?v=1759871673,False,Out of Stock,"If you know, you know. We made this shirt in celebration of Hofmanns historic ride, that opened a path for the rest of us to discover the magic of the world around and inside of us.
 Each shirt is hand dyed by <strong><a title=""Katyamoondyes"" href=""https://www.instagram.com/katyamoondyes/"" target=""_",bis-hidden
Bicycle Day Shirt,XL,Bicycle Day Shirt - XL,$65.00,,810028443969,Merch,Puffco,https://www.puffco.com/products/bicycle-day-t-shirt,https://cdn.shopify.com/s/files/1/0319/5549/files/bicycle_shirt_900x1200_904b7060-b911-48f6-9e5c-ee40e21d976f.png?v=1759871673,False,Out of Stock,"If you know, you know. We made this shirt in celebration of Hofmanns historic ride, that opened a path for the rest of us to discover the magic of the world around and inside of us.
 Each shirt is hand dyed by <strong><a title=""Katyamoondyes"" href=""https://www.instagram.com/katyamoondyes/"" target=""_",bis-hidden
Bicycle Day Shirt,XXL,Bicycle Day Shirt - XXL,$65.00,,810028443976,Merch,Puffco,https://www.puffco.com/products/bicycle-day-t-shirt,https://cdn.shopify.com/s/files/1/0319/5549/files/bicycle_shirt_900x1200_904b7060-b911-48f6-9e5c-ee40e21d976f.png?v=1759871673,False,Out of Stock,"If you know, you know. We made this shirt in celebration of Hofmanns historic ride, that opened a path for the rest of us to discover the magic of the world around and inside of us.
 Each shirt is hand dyed by <strong><a title=""Katyamoondyes"" href=""https://www.instagram.com/katyamoondyes/"" target=""_",bis-hidden
Bicycle Day Shirt,XXXL,Bicycle Day Shirt - XXXL,$65.00,,810028443983,Merch,Puffco,https://www.puffco.com/products/bicycle-day-t-shirt,https://cdn.shopify.com/s/files/1/0319/5549/files/bicycle_shirt_900x1200_904b7060-b911-48f6-9e5c-ee40e21d976f.png?v=1759871673,False,Out of Stock,"If you know, you know. We made this shirt in celebration of Hofmanns historic ride, that opened a path for the rest of us to discover the magic of the world around and inside of us.
 Each shirt is hand dyed by <strong><a title=""Katyamoondyes"" href=""https://www.instagram.com/katyamoondyes/"" target=""_",bis-hidden
Ceci n'est pas une pipe Shirt,S,Ceci n'est pas une pipe Shirt - S,$40.00,,810028444386,Merch,Puffco,https://www.puffco.com/products/not-a-pipe-t-shirt,https://cdn.shopify.com/s/files/1/0319/5549/files/Puffco_Merch_Not-a-pipe_Tee_900x1200_01042b46-69e9-4d06-9d61-6d8344763734.png?v=1759359871,False,Out of Stock,Ceci n'est pas une pipe (This is not a pipe.)   A rework of Rene Magritte’s classic painting “The Treachery of Images” 1929. His work challenged the conventions of language and visual representation with a poetic rebellious spirit. The Proxy shares a similar paradox in perspective being a pipe at fi,"""BFCM22"", ""bis-hidden"", ""EARLY25"", ""Merchandise"", ""T-Shirt"", ""zip-not-restricted"", ""zip-restricted""], [""Apperal"""
Ceci n'est pas une pipe Shirt,M,Ceci n'est pas une pipe Shirt - M,$40.00,,810028444393,Merch,Puffco,https://www.puffco.com/products/not-a-pipe-t-shirt,https://cdn.shopify.com/s/files/1/0319/5549/files/Puffco_Merch_Not-a-pipe_Tee_900x1200_01042b46-69e9-4d06-9d61-6d8344763734.png?v=1759359871,False,Out of Stock,Ceci n'est pas une pipe (This is not a pipe.)   A rework of Rene Magritte’s classic painting “The Treachery of Images” 1929. His work challenged the conventions of language and visual representation with a poetic rebellious spirit. The Proxy shares a similar paradox in perspective being a pipe at fi,"""BFCM22"", ""bis-hidden"", ""EARLY25"", ""Merchandise"", ""T-Shirt"", ""zip-not-restricted"", ""zip-restricted""], [""Apperal"""
Ceci n'est pas une pipe Shirt,L,Ceci n'est pas une pipe Shirt - L,$40.00,,810028444409,Merch,Puffco,https://www.puffco.com/products/not-a-pipe-t-shirt,https://cdn.shopify.com/s/files/1/0319/5549/files/Puffco_Merch_Not-a-pipe_Tee_900x1200_01042b46-69e9-4d06-9d61-6d8344763734.png?v=1759359871,False,Out of Stock,Ceci n'est pas une pipe (This is not a pipe.)   A rework of Rene Magritte’s classic painting “The Treachery of Images” 1929. His work challenged the conventions of language and visual representation with a poetic rebellious spirit. The Proxy shares a similar paradox in perspective being a pipe at fi,"""BFCM22"", ""bis-hidden"", ""EARLY25"", ""Merchandise"", ""T-Shirt"", ""zip-not-restricted"", ""zip-restricted""], [""Apperal"""
Ceci n'est pas une pipe Shirt,XL,Ceci n'est pas une pipe Shirt - XL,$40.00,,810028444416,Merch,Puffco,https://www.puffco.com/products/not-a-pipe-t-shirt,https://cdn.shopify.com/s/files/1/0319/5549/files/Puffco_Merch_Not-a-pipe_Tee_900x1200_01042b46-69e9-4d06-9d61-6d8344763734.png?v=1759359871,False,Out of Stock,Ceci n'est pas une pipe (This is not a pipe.)   A rework of Rene Magritte’s classic painting “The Treachery of Images” 1929. His work challenged the conventions of language and visual representation with a poetic rebellious spirit. The Proxy shares a similar paradox in perspective being a pipe at fi,"""BFCM22"", ""bis-hidden"", ""EARLY25"", ""Merchandise"", ""T-Shirt"", ""zip-not-restricted"", ""zip-restricted""], [""Apperal"""
Ceci n'est pas une pipe Shirt,XXL,Ceci n'est pas une pipe Shirt - XXL,$40.00,,810028444423,Merch,Puffco,https://www.puffco.com/products/not-a-pipe-t-shirt,https://cdn.shopify.com/s/files/1/0319/5549/files/Puffco_Merch_Not-a-pipe_Tee_900x1200_01042b46-69e9-4d06-9d61-6d8344763734.png?v=1759359871,False,Out of Stock,Ceci n'est pas une pipe (This is not a pipe.)   A rework of Rene Magritte’s classic painting “The Treachery of Images” 1929. His work challenged the conventions of language and visual representation with a poetic rebellious spirit. The Proxy shares a similar paradox in perspective being a pipe at fi,"""BFCM22"", ""bis-hidden"", ""EARLY25"", ""Merchandise"", ""T-Shirt"", ""zip-not-restricted"", ""zip-restricted""], [""Apperal"""
Ceci n'est pas une pipe Shirt,XXXL,Ceci n'est pas une pipe Shirt - XXXL,$40.00,,810028444430,Merch,Puffco,https://www.puffco.com/products/not-a-pipe-t-shirt,https://cdn.shopify.com/s/files/1/0319/5549/files/Puffco_Merch_Not-a-pipe_Tee_900x1200_01042b46-69e9-4d06-9d61-6d8344763734.png?v=1759359871,False,Out of Stock,Ceci n'est pas une pipe (This is not a pipe.)   A rework of Rene Magritte’s classic painting “The Treachery of Images” 1929. His work challenged the conventions of language and visual representation with a poetic rebellious spirit. The Proxy shares a similar paradox in perspective being a pipe at fi,"""BFCM22"", ""bis-hidden"", ""EARLY25"", ""Merchandise"", ""T-Shirt"", ""zip-not-restricted"", ""zip-restricted""], [""Apperal"""
Sweatsy Towel,Default Title,Sweatsy Towel,$20.00,,810028444447,Merch,Puffco,https://www.puffco.com/products/sweatsy-towel,https://cdn.shopify.com/s/files/1/0319/5549/files/Puffco_Merch_Sweatsy_Towel_900x1200_48829731-93f3-4422-b0cb-7f60d88d4328.png?v=1759359764,False,Out of Stock,"It's more than just a towel, it's a life-saver when a big dab starts melting you.
 
- Dimensions: 11X8  - 100% Terry Velour Cotton - Metal Clasp Included - Discharge Ink Imprint - Machine wash cold / dry flat","""bis-hidden"", ""DoubleFeature"", ""EARLY25"", ""Merchandise"", ""zip-not-restricted"", ""zip-restricted""], [""BFCM22"""
Water Hash Sweater,S,Water Hash Sweater - S,$90.00,,810028445581,Merch,Puffco,https://www.puffco.com/products/water-hash-crewneck-t-shirt,https://cdn.shopify.com/s/files/1/0319/5549/files/Puffco_Merch_Water-Hash_Crewneck-Sweater_900x1200_71548b9b-9a52-4140-ac79-2e52750a9a3f.png?v=1759359658,True,In Stock,"Love the process, love the plant. Hash is a Beautiful thing.
 
- Long sleeve crewneck sweatshirt  - Double ribbing side panels for stretch  - Cross grain body panels limit shrinkage post-wash - 70/30 cotton/polyester blend 13.5 oz
 ","""bis-hidden"", ""EARLY25"", ""Merchandise"", ""T-Shirt"", ""zip-not-restricted"", ""zip-restricted""], [""Apperal"""
Water Hash Sweater,M,Water Hash Sweater - M,$90.00,,810028445598,Merch,Puffco,https://www.puffco.com/products/water-hash-crewneck-t-shirt,https://cdn.shopify.com/s/files/1/0319/5549/files/Puffco_Merch_Water-Hash_Crewneck-Sweater_900x1200_71548b9b-9a52-4140-ac79-2e52750a9a3f.png?v=1759359658,False,Out of Stock,"Love the process, love the plant. Hash is a Beautiful thing.
 
- Long sleeve crewneck sweatshirt  - Double ribbing side panels for stretch  - Cross grain body panels limit shrinkage post-wash - 70/30 cotton/polyester blend 13.5 oz
 ","""bis-hidden"", ""EARLY25"", ""Merchandise"", ""T-Shirt"", ""zip-not-restricted"", ""zip-restricted""], [""Apperal"""
Water Hash Sweater,L,Water Hash Sweater - L,$90.00,,810028445604,Merch,Puffco,https://www.puffco.com/products/water-hash-crewneck-t-shirt,https://cdn.shopify.com/s/files/1/0319/5549/files/Puffco_Merch_Water-Hash_Crewneck-Sweater_900x1200_71548b9b-9a52-4140-ac79-2e52750a9a3f.png?v=1759359658,False,Out of Stock,"Love the process, love the plant. Hash is a Beautiful thing.
 
- Long sleeve crewneck sweatshirt  - Double ribbing side panels for stretch  - Cross grain body panels limit shrinkage post-wash - 70/30 cotton/polyester blend 13.5 oz
 ","""bis-hidden"", ""EARLY25"", ""Merchandise"", ""T-Shirt"", ""zip-not-restricted"", ""zip-restricted""], [""Apperal"""
Water Hash Sweater,XL,Water Hash Sweater - XL,$90.00,,810028445611,Merch,Puffco,https://www.puffco.com/products/water-hash-crewneck-t-shirt,https://cdn.shopify.com/s/files/1/0319/5549/files/Puffco_Merch_Water-Hash_Crewneck-Sweater_900x1200_71548b9b-9a52-4140-ac79-2e52750a9a3f.png?v=1759359658,False,Out of Stock,"Love the process, love the plant. Hash is a Beautiful thing.
 
- Long sleeve crewneck sweatshirt  - Double ribbing side panels for stretch  - Cross grain body panels limit shrinkage post-wash - 70/30 cotton/polyester blend 13.5 oz
 ","""bis-hidden"", ""EARLY25"", ""Merchandise"", ""T-Shirt"", ""zip-not-restricted"", ""zip-restricted""], [""Apperal"""
Water Hash Sweater,XXL,Water Hash Sweater - XXL,$90.00,,810028445628,Merch,Puffco,https://www.puffco.com/products/water-hash-crewneck-t-shirt,https://cdn.shopify.com/s/files/1/0319/5549/files/Puffco_Merch_Water-Hash_Crewneck-Sweater_900x1200_71548b9b-9a52-4140-ac79-2e52750a9a3f.png?v=1759359658,False,Out of Stock,"Love the process, love the plant. Hash is a Beautiful thing.
 
- Long sleeve crewneck sweatshirt  - Double ribbing side panels for stretch  - Cross grain body panels limit shrinkage post-wash - 70/30 cotton/polyester blend 13.5 oz
 ","""bis-hidden"", ""EARLY25"", ""Merchandise"", ""T-Shirt"", ""zip-not-restricted"", ""zip-restricted""], [""Apperal"""
Water Hash Sweater,XXXL,Water Hash Sweater - XXXL,$90.00,,810028445635,Merch,Puffco,https://www.puffco.com/products/water-hash-crewneck-t-shirt,https://cdn.shopify.com/s/files/1/0319/5549/files/Puffco_Merch_Water-Hash_Crewneck-Sweater_900x1200_71548b9b-9a52-4140-ac79-2e52750a9a3f.png?v=1759359658,False,Out of Stock,"Love the process, love the plant. Hash is a Beautiful thing.
 
- Long sleeve crewneck sweatshirt  - Double ribbing side panels for stretch  - Cross grain body panels limit shrinkage post-wash - 70/30 cotton/polyester blend 13.5 oz
 ","""bis-hidden"", ""EARLY25"", ""Merchandise"", ""T-Shirt"", ""zip-not-restricted"", ""zip-restricted""], [""Apperal"""
Puffco Head Stash T-Shirt,S,Puffco Head Stash T-Shirt - S,$50.00,,810028447363,Merch,Puffco,https://www.puffco.com/products/puffco-head-stash-t-shirt,https://cdn.shopify.com/s/files/1/0319/5549/files/Puffcon_Merch_Hash-Headstash_Tee_900x1200_9873144f-a9da-4cf5-9dfa-90078ee77fb6.png?v=1759359645,False,Out of Stock,"You know. The good stuff.
 
 
- 6.1 oz. 100% ring-spun cotton 
 
- Soft ring-spun cotton fabric with 100% cotton threads 
 
- Topstitched rib collar
 
- Relaxed fit",bis-hidden
Puffco Head Stash T-Shirt,M,Puffco Head Stash T-Shirt - M,$50.00,,810028447370,Merch,Puffco,https://www.puffco.com/products/puffco-head-stash-t-shirt,https://cdn.shopify.com/s/files/1/0319/5549/files/Puffcon_Merch_Hash-Headstash_Tee_900x1200_9873144f-a9da-4cf5-9dfa-90078ee77fb6.png?v=1759359645,False,Out of Stock,"You know. The good stuff.
 
 
- 6.1 oz. 100% ring-spun cotton 
 
- Soft ring-spun cotton fabric with 100% cotton threads 
 
- Topstitched rib collar
 
- Relaxed fit",bis-hidden
Puffco Head Stash T-Shirt,L,Puffco Head Stash T-Shirt - L,$50.00,,810028447387,Merch,Puffco,https://www.puffco.com/products/puffco-head-stash-t-shirt,https://cdn.shopify.com/s/files/1/0319/5549/files/Puffcon_Merch_Hash-Headstash_Tee_900x1200_9873144f-a9da-4cf5-9dfa-90078ee77fb6.png?v=1759359645,False,Out of Stock,"You know. The good stuff.
 
 
- 6.1 oz. 100% ring-spun cotton 
 
- Soft ring-spun cotton fabric with 100% cotton threads 
 
- Topstitched rib collar
 
- Relaxed fit",bis-hidden
Puffco Head Stash T-Shirt,XL,Puffco Head Stash T-Shirt - XL,$50.00,,810028447394,Merch,Puffco,https://www.puffco.com/products/puffco-head-stash-t-shirt,https://cdn.shopify.com/s/files/1/0319/5549/files/Puffcon_Merch_Hash-Headstash_Tee_900x1200_9873144f-a9da-4cf5-9dfa-90078ee77fb6.png?v=1759359645,False,Out of Stock,"You know. The good stuff.
 
 
- 6.1 oz. 100% ring-spun cotton 
 
- Soft ring-spun cotton fabric with 100% cotton threads 
 
- Topstitched rib collar
 
- Relaxed fit",bis-hidden
Puffco Head Stash T-Shirt,XXL,Puffco Head Stash T-Shirt - XXL,$50.00,,810028447400,Merch,Puffco,https://www.puffco.com/products/puffco-head-stash-t-shirt,https://cdn.shopify.com/s/files/1/0319/5549/files/Puffcon_Merch_Hash-Headstash_Tee_900x1200_9873144f-a9da-4cf5-9dfa-90078ee77fb6.png?v=1759359645,False,Out of Stock,"You know. The good stuff.
 
 
- 6.1 oz. 100% ring-spun cotton 
 
- Soft ring-spun cotton fabric with 100% cotton threads 
 
- Topstitched rib collar
 
- Relaxed fit",bis-hidden
Puffco Head Stash T-Shirt,XXXL,Puffco Head Stash T-Shirt - XXXL,$50.00,,810028447417,Merch,Puffco,https://www.puffco.com/products/puffco-head-stash-t-shirt,https://cdn.shopify.com/s/files/1/0319/5549/files/Puffcon_Merch_Hash-Headstash_Tee_900x1200_9873144f-a9da-4cf5-9dfa-90078ee77fb6.png?v=1759359645,False,Out of Stock,"You know. The good stuff.
 
 
- 6.1 oz. 100% ring-spun cotton 
 
- Soft ring-spun cotton fabric with 100% cotton threads 
 
- Topstitched rib collar
 
- Relaxed fit",bis-hidden
Hash Tech T-Shirt,S,Hash Tech T-Shirt - S,$40.00,,810028448971,Merch,Puffco,https://www.puffco.com/products/contemporary-hash-tech-t-shirt,https://cdn.shopify.com/s/files/1/0319/5549/files/Puffco_Merch_Contemporary_Tee_900x1200_f4053e4d-827d-44fe-9422-2b2584a779f5.png?v=1759359859,False,Out of Stock,"What are you smoking? 
 
- Unisex - 6.5 oz 100% cotton - Garment-dyed - Oversized, size down for true-to-size fit. 
 
<p style=""color: gray; font-size: smaller;"">Amanda is 5’5” and wearing size Small. Jericho is 5’11” and wearing size Medium.  Made in Los Angeles. ",bis-hidden
Hash Tech T-Shirt,M,Hash Tech T-Shirt - M,$40.00,,810028448988,Merch,Puffco,https://www.puffco.com/products/contemporary-hash-tech-t-shirt,https://cdn.shopify.com/s/files/1/0319/5549/files/Puffco_Merch_Contemporary_Tee_900x1200_f4053e4d-827d-44fe-9422-2b2584a779f5.png?v=1759359859,False,Out of Stock,"What are you smoking? 
 
- Unisex - 6.5 oz 100% cotton - Garment-dyed - Oversized, size down for true-to-size fit. 
 
<p style=""color: gray; font-size: smaller;"">Amanda is 5’5” and wearing size Small. Jericho is 5’11” and wearing size Medium.  Made in Los Angeles. ",bis-hidden
Hash Tech T-Shirt,L,Hash Tech T-Shirt - L,$40.00,,810028448995,Merch,Puffco,https://www.puffco.com/products/contemporary-hash-tech-t-shirt,https://cdn.shopify.com/s/files/1/0319/5549/files/Puffco_Merch_Contemporary_Tee_900x1200_f4053e4d-827d-44fe-9422-2b2584a779f5.png?v=1759359859,False,Out of Stock,"What are you smoking? 
 
- Unisex - 6.5 oz 100% cotton - Garment-dyed - Oversized, size down for true-to-size fit. 
 
<p style=""color: gray; font-size: smaller;"">Amanda is 5’5” and wearing size Small. Jericho is 5’11” and wearing size Medium.  Made in Los Angeles. ",bis-hidden
Hash Tech T-Shirt,XL,Hash Tech T-Shirt - XL,$40.00,,810028449008,Merch,Puffco,https://www.puffco.com/products/contemporary-hash-tech-t-shirt,https://cdn.shopify.com/s/files/1/0319/5549/files/Puffco_Merch_Contemporary_Tee_900x1200_f4053e4d-827d-44fe-9422-2b2584a779f5.png?v=1759359859,True,In Stock,"What are you smoking? 
 
- Unisex - 6.5 oz 100% cotton - Garment-dyed - Oversized, size down for true-to-size fit. 
 
<p style=""color: gray; font-size: smaller;"">Amanda is 5’5” and wearing size Small. Jericho is 5’11” and wearing size Medium.  Made in Los Angeles. ",bis-hidden
Hash Tech T-Shirt,XXL,Hash Tech T-Shirt - XXL,$40.00,,810028449015,Merch,Puffco,https://www.puffco.com/products/contemporary-hash-tech-t-shirt,https://cdn.shopify.com/s/files/1/0319/5549/files/Puffco_Merch_Contemporary_Tee_900x1200_f4053e4d-827d-44fe-9422-2b2584a779f5.png?v=1759359859,True,In Stock,"What are you smoking? 
 
- Unisex - 6.5 oz 100% cotton - Garment-dyed - Oversized, size down for true-to-size fit. 
 
<p style=""color: gray; font-size: smaller;"">Amanda is 5’5” and wearing size Small. Jericho is 5’11” and wearing size Medium.  Made in Los Angeles. ",bis-hidden
Hash Tech T-Shirt,XXXL,Hash Tech T-Shirt - XXXL,$40.00,,810028449022,Merch,Puffco,https://www.puffco.com/products/contemporary-hash-tech-t-shirt,https://cdn.shopify.com/s/files/1/0319/5549/files/Puffco_Merch_Contemporary_Tee_900x1200_f4053e4d-827d-44fe-9422-2b2584a779f5.png?v=1759359859,True,In Stock,"What are you smoking? 
 
- Unisex - 6.5 oz 100% cotton - Garment-dyed - Oversized, size down for true-to-size fit. 
 
<p style=""color: gray; font-size: smaller;"">Amanda is 5’5” and wearing size Small. Jericho is 5’11” and wearing size Medium.  Made in Los Angeles. ",bis-hidden
Riding High T-Shirt,S,Riding High T-Shirt - S,$50.00,,810028448919,Merch,Puffco,https://www.puffco.com/products/riding-high-t-shirt,https://cdn.shopify.com/s/files/1/0319/5549/files/Puffco_Merch_Riding-High_Tee_900x1200_e33c3552-e763-4e6c-9672-3e611d0f2fc5.png?v=1759359463,False,Out of Stock,"Save a horse, ride a Puffco.
 
- Unisex  - 6.5 oz 100% cotton  - Garment-dyed  - Oversized, size down for true-to-size fit. 
<p style=""color: gray; font-size: smaller;""> Jericho is 5’11” and wearing size Medium. Made in Los Angeles. 
 ",bis-hidden
Riding High T-Shirt,M,Riding High T-Shirt - M,$50.00,,810028448926,Merch,Puffco,https://www.puffco.com/products/riding-high-t-shirt,https://cdn.shopify.com/s/files/1/0319/5549/files/Puffco_Merch_Riding-High_Tee_900x1200_e33c3552-e763-4e6c-9672-3e611d0f2fc5.png?v=1759359463,False,Out of Stock,"Save a horse, ride a Puffco.
 
- Unisex  - 6.5 oz 100% cotton  - Garment-dyed  - Oversized, size down for true-to-size fit. 
<p style=""color: gray; font-size: smaller;""> Jericho is 5’11” and wearing size Medium. Made in Los Angeles. 
 ",bis-hidden
Riding High T-Shirt,L,Riding High T-Shirt - L,$50.00,,810028448933,Merch,Puffco,https://www.puffco.com/products/riding-high-t-shirt,https://cdn.shopify.com/s/files/1/0319/5549/files/Puffco_Merch_Riding-High_Tee_900x1200_e33c3552-e763-4e6c-9672-3e611d0f2fc5.png?v=1759359463,False,Out of Stock,"Save a horse, ride a Puffco.
 
- Unisex  - 6.5 oz 100% cotton  - Garment-dyed  - Oversized, size down for true-to-size fit. 
<p style=""color: gray; font-size: smaller;""> Jericho is 5’11” and wearing size Medium. Made in Los Angeles. 
 ",bis-hidden
Riding High T-Shirt,XL,Riding High T-Shirt - XL,$50.00,,810028448940,Merch,Puffco,https://www.puffco.com/products/riding-high-t-shirt,https://cdn.shopify.com/s/files/1/0319/5549/files/Puffco_Merch_Riding-High_Tee_900x1200_e33c3552-e763-4e6c-9672-3e611d0f2fc5.png?v=1759359463,False,Out of Stock,"Save a horse, ride a Puffco.
 
- Unisex  - 6.5 oz 100% cotton  - Garment-dyed  - Oversized, size down for true-to-size fit. 
<p style=""color: gray; font-size: smaller;""> Jericho is 5’11” and wearing size Medium. Made in Los Angeles. 
 ",bis-hidden
Riding High T-Shirt,XXL,Riding High T-Shirt - XXL,$50.00,,810028448957,Merch,Puffco,https://www.puffco.com/products/riding-high-t-shirt,https://cdn.shopify.com/s/files/1/0319/5549/files/Puffco_Merch_Riding-High_Tee_900x1200_e33c3552-e763-4e6c-9672-3e611d0f2fc5.png?v=1759359463,False,Out of Stock,"Save a horse, ride a Puffco.
 
- Unisex  - 6.5 oz 100% cotton  - Garment-dyed  - Oversized, size down for true-to-size fit. 
<p style=""color: gray; font-size: smaller;""> Jericho is 5’11” and wearing size Medium. Made in Los Angeles. 
 ",bis-hidden
Riding High T-Shirt,XXXL,Riding High T-Shirt - XXXL,$50.00,,810028448964,Merch,Puffco,https://www.puffco.com/products/riding-high-t-shirt,https://cdn.shopify.com/s/files/1/0319/5549/files/Puffco_Merch_Riding-High_Tee_900x1200_e33c3552-e763-4e6c-9672-3e611d0f2fc5.png?v=1759359463,False,Out of Stock,"Save a horse, ride a Puffco.
 
- Unisex  - 6.5 oz 100% cotton  - Garment-dyed  - Oversized, size down for true-to-size fit. 
<p style=""color: gray; font-size: smaller;""> Jericho is 5’11” and wearing size Medium. Made in Los Angeles. 
 ",bis-hidden
Subway Dad Hat,Tan,Subway Dad Hat - Tan,$40.00,,810028449336,Merch,Puffco,https://www.puffco.com/products/subway-dad-hat,https://cdn.shopify.com/s/files/1/0319/5549/files/tan_subway_1.png?v=1764792457,True,In Stock,"The hash train is always on time.
 
- Pure cotton pinwale corduroy  - Soft crown  - Curved brim  - Adjustable strap with bronze clasp    ","""bis-hidden"""
Subway Dad Hat,Black,Subway Dad Hat - Black,$40.00,,810028449329,Merch,Puffco,https://www.puffco.com/products/subway-dad-hat,https://cdn.shopify.com/s/files/1/0319/5549/files/Puffco_Merch_Subway-Dad_Hat_900x1200_02619f27-e587-4f25-b3a1-9dd3c5fef0b1.png?v=1764792457,False,Out of Stock,"The hash train is always on time.
 
- Pure cotton pinwale corduroy  - Soft crown  - Curved brim  - Adjustable strap with bronze clasp    ","""bis-hidden"""
Rosin Club T-Shirt,S,Rosin Club T-Shirt - S,$50.00,,850068033522,Merch,Puffco,https://www.puffco.com/products/rosin-club-t-shirt,https://cdn.shopify.com/s/files/1/0319/5549/files/420_-Rosin-Club_-Tee_--Front.png?v=1744131484,False,Out of Stock,"- Washed Denim Blue  - Unisex  - 7.5 oz 100% cotton  - Garment-dyed  - Oversized, size down for true-to-size fit. ",bis-hidden
Rosin Club T-Shirt,M,Rosin Club T-Shirt - M,$50.00,,850068033539,Merch,Puffco,https://www.puffco.com/products/rosin-club-t-shirt,https://cdn.shopify.com/s/files/1/0319/5549/files/420_-Rosin-Club_-Tee_--Front.png?v=1744131484,False,Out of Stock,"- Washed Denim Blue  - Unisex  - 7.5 oz 100% cotton  - Garment-dyed  - Oversized, size down for true-to-size fit. ",bis-hidden
Rosin Club T-Shirt,L,Rosin Club T-Shirt - L,$50.00,,850068033546,Merch,Puffco,https://www.puffco.com/products/rosin-club-t-shirt,https://cdn.shopify.com/s/files/1/0319/5549/files/420_-Rosin-Club_-Tee_--Front.png?v=1744131484,False,Out of Stock,"- Washed Denim Blue  - Unisex  - 7.5 oz 100% cotton  - Garment-dyed  - Oversized, size down for true-to-size fit. ",bis-hidden
Rosin Club T-Shirt,XL,Rosin Club T-Shirt - XL,$50.00,,850068033553,Merch,Puffco,https://www.puffco.com/products/rosin-club-t-shirt,https://cdn.shopify.com/s/files/1/0319/5549/files/420_-Rosin-Club_-Tee_--Front.png?v=1744131484,False,Out of Stock,"- Washed Denim Blue  - Unisex  - 7.5 oz 100% cotton  - Garment-dyed  - Oversized, size down for true-to-size fit. ",bis-hidden
Rosin Club T-Shirt,XXL,Rosin Club T-Shirt - XXL,$50.00,,850068033560,Merch,Puffco,https://www.puffco.com/products/rosin-club-t-shirt,https://cdn.shopify.com/s/files/1/0319/5549/files/420_-Rosin-Club_-Tee_--Front.png?v=1744131484,False,Out of Stock,"- Washed Denim Blue  - Unisex  - 7.5 oz 100% cotton  - Garment-dyed  - Oversized, size down for true-to-size fit. ",bis-hidden
Rosin Club T-Shirt,XXXL,Rosin Club T-Shirt - XXXL,$50.00,,850068033577,Merch,Puffco,https://www.puffco.com/products/rosin-club-t-shirt,https://cdn.shopify.com/s/files/1/0319/5549/files/420_-Rosin-Club_-Tee_--Front.png?v=1744131484,False,Out of Stock,"- Washed Denim Blue  - Unisex  - 7.5 oz 100% cotton  - Garment-dyed  - Oversized, size down for true-to-size fit. ",bis-hidden
Daybreak T-Shirt,S,Daybreak T-Shirt - S,$50.00,,850068033843,Merch,Puffco,https://www.puffco.com/products/daybreak-unisex-shirt,https://cdn.shopify.com/s/files/1/0319/5549/files/merch_0004_Daybreak_-Merch_-Tee_-Red_-Front.png?v=1749766586,False,Out of Stock,"What you’d wear if you were taking a summer trip to Hash Mountain. Duo-tone graphic on front, Daybreak logo on back.
 
- Dark Red - Unisex - 6.5 oz 100% cotton - Garment-dyed - Oversized, size down for true-to-size fit","bis-hidden, Daybreak"
Daybreak T-Shirt,M,Daybreak T-Shirt - M,$50.00,,850068033850,Merch,Puffco,https://www.puffco.com/products/daybreak-unisex-shirt,https://cdn.shopify.com/s/files/1/0319/5549/files/merch_0004_Daybreak_-Merch_-Tee_-Red_-Front.png?v=1749766586,False,Out of Stock,"What you’d wear if you were taking a summer trip to Hash Mountain. Duo-tone graphic on front, Daybreak logo on back.
 
- Dark Red - Unisex - 6.5 oz 100% cotton - Garment-dyed - Oversized, size down for true-to-size fit","bis-hidden, Daybreak"
Daybreak T-Shirt,L,Daybreak T-Shirt - L,$50.00,,850068033867,Merch,Puffco,https://www.puffco.com/products/daybreak-unisex-shirt,https://cdn.shopify.com/s/files/1/0319/5549/files/merch_0004_Daybreak_-Merch_-Tee_-Red_-Front.png?v=1749766586,False,Out of Stock,"What you’d wear if you were taking a summer trip to Hash Mountain. Duo-tone graphic on front, Daybreak logo on back.
 
- Dark Red - Unisex - 6.5 oz 100% cotton - Garment-dyed - Oversized, size down for true-to-size fit","bis-hidden, Daybreak"
Daybreak T-Shirt,XL,Daybreak T-Shirt - XL,$50.00,,850068033874,Merch,Puffco,https://www.puffco.com/products/daybreak-unisex-shirt,https://cdn.shopify.com/s/files/1/0319/5549/files/merch_0004_Daybreak_-Merch_-Tee_-Red_-Front.png?v=1749766586,False,Out of Stock,"What you’d wear if you were taking a summer trip to Hash Mountain. Duo-tone graphic on front, Daybreak logo on back.
 
- Dark Red - Unisex - 6.5 oz 100% cotton - Garment-dyed - Oversized, size down for true-to-size fit","bis-hidden, Daybreak"
Daybreak T-Shirt,XXL,Daybreak T-Shirt - XXL,$50.00,,850068033881,Merch,Puffco,https://www.puffco.com/products/daybreak-unisex-shirt,https://cdn.shopify.com/s/files/1/0319/5549/files/merch_0004_Daybreak_-Merch_-Tee_-Red_-Front.png?v=1749766586,False,Out of Stock,"What you’d wear if you were taking a summer trip to Hash Mountain. Duo-tone graphic on front, Daybreak logo on back.
 
- Dark Red - Unisex - 6.5 oz 100% cotton - Garment-dyed - Oversized, size down for true-to-size fit","bis-hidden, Daybreak"
Daybreak Cropped Tank Top,S,Daybreak Cropped Tank Top - S,$35.00,,850068033904,Merch,Puffco,https://www.puffco.com/products/daybreak-womens-tank-top,https://cdn.shopify.com/s/files/1/0319/5549/files/Daybreak_InteriorGallerycopy.png?v=1749848253,False,Out of Stock,"Suns out, Daybreaks out. Single color Daybreak sun graphic on front, Puffco logo on back. Women's sizes. 
 
- Cropped 2x1 ribbed jersey tank top - 30 singles combed cotton - 100% shrink free cotton - Size up for looser fit","bis-hidden, Daybreak"
Daybreak Cropped Tank Top,M,Daybreak Cropped Tank Top - M,$35.00,,850068033911,Merch,Puffco,https://www.puffco.com/products/daybreak-womens-tank-top,https://cdn.shopify.com/s/files/1/0319/5549/files/Daybreak_InteriorGallerycopy.png?v=1749848253,False,Out of Stock,"Suns out, Daybreaks out. Single color Daybreak sun graphic on front, Puffco logo on back. Women's sizes. 
 
- Cropped 2x1 ribbed jersey tank top - 30 singles combed cotton - 100% shrink free cotton - Size up for looser fit","bis-hidden, Daybreak"
Daybreak Cropped Tank Top,L,Daybreak Cropped Tank Top - L,$35.00,,850068033928,Merch,Puffco,https://www.puffco.com/products/daybreak-womens-tank-top,https://cdn.shopify.com/s/files/1/0319/5549/files/Daybreak_InteriorGallerycopy.png?v=1749848253,False,Out of Stock,"Suns out, Daybreaks out. Single color Daybreak sun graphic on front, Puffco logo on back. Women's sizes. 
 
- Cropped 2x1 ribbed jersey tank top - 30 singles combed cotton - 100% shrink free cotton - Size up for looser fit","bis-hidden, Daybreak"
Daybreak Cropped Tank Top,XL,Daybreak Cropped Tank Top - XL,$35.00,,850068033935,Merch,Puffco,https://www.puffco.com/products/daybreak-womens-tank-top,https://cdn.shopify.com/s/files/1/0319/5549/files/Daybreak_InteriorGallerycopy.png?v=1749848253,False,Out of Stock,"Suns out, Daybreaks out. Single color Daybreak sun graphic on front, Puffco logo on back. Women's sizes. 
 
- Cropped 2x1 ribbed jersey tank top - 30 singles combed cotton - 100% shrink free cotton - Size up for looser fit","bis-hidden, Daybreak"
Always Evolving Shirt,S,Always Evolving Shirt - S,$40.00,,810028444485,Merch,Puffco,https://www.puffco.com/products/always-evolving-t-shirt,https://cdn.shopify.com/s/files/1/0319/5549/files/evolving_shirt_900x1200_db1156c4-0f30-4e89-bda0-d2e773e857ed.png?v=1759871591,False,Out of Stock,"Technology, mind, and spirit in a constant state of growth.
 
 
- If you're between sizes - size up.
 
- Midweight high-quality fabric
 - 100% Ringspun Cotton","""BFCM22"", ""bis-hidden"", ""EARLY25"", ""Merchandise"", ""T-Shirt"", ""zip-not-restricted"", ""zip-restricted""], [""Apperal"""
Always Evolving Shirt,M,Always Evolving Shirt - M,$40.00,,810028444492,Merch,Puffco,https://www.puffco.com/products/always-evolving-t-shirt,https://cdn.shopify.com/s/files/1/0319/5549/files/evolving_shirt_900x1200_db1156c4-0f30-4e89-bda0-d2e773e857ed.png?v=1759871591,False,Out of Stock,"Technology, mind, and spirit in a constant state of growth.
 
 
- If you're between sizes - size up.
 
- Midweight high-quality fabric
 - 100% Ringspun Cotton","""BFCM22"", ""bis-hidden"", ""EARLY25"", ""Merchandise"", ""T-Shirt"", ""zip-not-restricted"", ""zip-restricted""], [""Apperal"""
Always Evolving Shirt,L,Always Evolving Shirt - L,$40.00,,810028444508,Merch,Puffco,https://www.puffco.com/products/always-evolving-t-shirt,https://cdn.shopify.com/s/files/1/0319/5549/files/evolving_shirt_900x1200_db1156c4-0f30-4e89-bda0-d2e773e857ed.png?v=1759871591,False,Out of Stock,"Technology, mind, and spirit in a constant state of growth.
 
 
- If you're between sizes - size up.
 
- Midweight high-quality fabric
 - 100% Ringspun Cotton","""BFCM22"", ""bis-hidden"", ""EARLY25"", ""Merchandise"", ""T-Shirt"", ""zip-not-restricted"", ""zip-restricted""], [""Apperal"""
Always Evolving Shirt,XL,Always Evolving Shirt - XL,$40.00,,810028444515,Merch,Puffco,https://www.puffco.com/products/always-evolving-t-shirt,https://cdn.shopify.com/s/files/1/0319/5549/files/evolving_shirt_900x1200_db1156c4-0f30-4e89-bda0-d2e773e857ed.png?v=1759871591,False,Out of Stock,"Technology, mind, and spirit in a constant state of growth.
 
 
- If you're between sizes - size up.
 
- Midweight high-quality fabric
 - 100% Ringspun Cotton","""BFCM22"", ""bis-hidden"", ""EARLY25"", ""Merchandise"", ""T-Shirt"", ""zip-not-restricted"", ""zip-restricted""], [""Apperal"""
Always Evolving Shirt,XXL,Always Evolving Shirt - XXL,$40.00,,810028444522,Merch,Puffco,https://www.puffco.com/products/always-evolving-t-shirt,https://cdn.shopify.com/s/files/1/0319/5549/files/evolving_shirt_900x1200_db1156c4-0f30-4e89-bda0-d2e773e857ed.png?v=1759871591,False,Out of Stock,"Technology, mind, and spirit in a constant state of growth.
 
 
- If you're between sizes - size up.
 
- Midweight high-quality fabric
 - 100% Ringspun Cotton","""BFCM22"", ""bis-hidden"", ""EARLY25"", ""Merchandise"", ""T-Shirt"", ""zip-not-restricted"", ""zip-restricted""], [""Apperal"""
Always Evolving Shirt,XXXL,Always Evolving Shirt - XXXL,$40.00,,810028444539,Merch,Puffco,https://www.puffco.com/products/always-evolving-t-shirt,https://cdn.shopify.com/s/files/1/0319/5549/files/evolving_shirt_900x1200_db1156c4-0f30-4e89-bda0-d2e773e857ed.png?v=1759871591,False,Out of Stock,"Technology, mind, and spirit in a constant state of growth.
 
 
- If you're between sizes - size up.
 
- Midweight high-quality fabric
 - 100% Ringspun Cotton","""BFCM22"", ""bis-hidden"", ""EARLY25"", ""Merchandise"", ""T-Shirt"", ""zip-not-restricted"", ""zip-restricted""], [""Apperal"""
Puffco Metal Hat,Black,Puffco Metal Hat - Black,$40.00,,810028447288,Merch,Puffco,https://www.puffco.com/products/puffco-metal-hat,https://cdn.shopify.com/s/files/1/0319/5549/files/pfcnmerch_0006_Layer-Comp-7_0a4d03e0-7dc9-4404-b813-98dc7c398cbb.png?v=1762469061,False,Out of Stock,"Hash is metal.<br data-mce-fragment=""1""><br data-mce-fragment=""1"">- 100% cotton chino twill <br data-mce-fragment=""1"">- Unstructured six-panel <br data-mce-fragment=""1"">- Permacurv® visor <br data-mce-fragment=""1"">- Buckle closure with grommet",bis-hidden
Puffco Metal Hat,Light Blue,Puffco Metal Hat - Light Blue,$35.00,,810028447295,Merch,Puffco,https://www.puffco.com/products/puffco-metal-hat,https://cdn.shopify.com/s/files/1/0319/5549/files/pfcnmerch_0006_Layer-Comp-7_0a4d03e0-7dc9-4404-b813-98dc7c398cbb.png?v=1762469061,False,Out of Stock,"Hash is metal.<br data-mce-fragment=""1""><br data-mce-fragment=""1"">- 100% cotton chino twill <br data-mce-fragment=""1"">- Unstructured six-panel <br data-mce-fragment=""1"">- Permacurv® visor <br data-mce-fragment=""1"">- Buckle closure with grommet",bis-hidden
Puffco Head Stash Crewneck,S,Puffco Head Stash Crewneck - S,$90.00,,810028447547,Merch,Puffco,https://www.puffco.com/products/puffco-head-stash-crewneck,https://cdn.shopify.com/s/files/1/0319/5549/files/hashheads_crewneck_900x1200_c8699a63-4941-4739-baa3-f0c09095968a.png?v=1759871573,False,Out of Stock,"Stay warm when you’re grabbing the good stuff. <br data-mce-fragment=""1""><br data-mce-fragment=""1"">- Long sleeve crewneck sweatshirt <br data-mce-fragment=""1"">- Double ribbing side panels for stretch <br data-mce-fragment=""1"">- Cross grain body panels limit shrinkage post-wash <br data-mce-fragment=",bis-hidden
Puffco Head Stash Crewneck,M,Puffco Head Stash Crewneck - M,$90.00,,810028447554,Merch,Puffco,https://www.puffco.com/products/puffco-head-stash-crewneck,https://cdn.shopify.com/s/files/1/0319/5549/files/hashheads_crewneck_900x1200_c8699a63-4941-4739-baa3-f0c09095968a.png?v=1759871573,False,Out of Stock,"Stay warm when you’re grabbing the good stuff. <br data-mce-fragment=""1""><br data-mce-fragment=""1"">- Long sleeve crewneck sweatshirt <br data-mce-fragment=""1"">- Double ribbing side panels for stretch <br data-mce-fragment=""1"">- Cross grain body panels limit shrinkage post-wash <br data-mce-fragment=",bis-hidden
Puffco Head Stash Crewneck,L,Puffco Head Stash Crewneck - L,$90.00,,810028447561,Merch,Puffco,https://www.puffco.com/products/puffco-head-stash-crewneck,https://cdn.shopify.com/s/files/1/0319/5549/files/hashheads_crewneck_900x1200_c8699a63-4941-4739-baa3-f0c09095968a.png?v=1759871573,False,Out of Stock,"Stay warm when you’re grabbing the good stuff. <br data-mce-fragment=""1""><br data-mce-fragment=""1"">- Long sleeve crewneck sweatshirt <br data-mce-fragment=""1"">- Double ribbing side panels for stretch <br data-mce-fragment=""1"">- Cross grain body panels limit shrinkage post-wash <br data-mce-fragment=",bis-hidden
Puffco Head Stash Crewneck,XL,Puffco Head Stash Crewneck - XL,$90.00,,810028447578,Merch,Puffco,https://www.puffco.com/products/puffco-head-stash-crewneck,https://cdn.shopify.com/s/files/1/0319/5549/files/hashheads_crewneck_900x1200_c8699a63-4941-4739-baa3-f0c09095968a.png?v=1759871573,False,Out of Stock,"Stay warm when you’re grabbing the good stuff. <br data-mce-fragment=""1""><br data-mce-fragment=""1"">- Long sleeve crewneck sweatshirt <br data-mce-fragment=""1"">- Double ribbing side panels for stretch <br data-mce-fragment=""1"">- Cross grain body panels limit shrinkage post-wash <br data-mce-fragment=",bis-hidden
Puffco Head Stash Crewneck,XXL,Puffco Head Stash Crewneck - XXL,$90.00,,810028447585,Merch,Puffco,https://www.puffco.com/products/puffco-head-stash-crewneck,https://cdn.shopify.com/s/files/1/0319/5549/files/hashheads_crewneck_900x1200_c8699a63-4941-4739-baa3-f0c09095968a.png?v=1759871573,False,Out of Stock,"Stay warm when you’re grabbing the good stuff. <br data-mce-fragment=""1""><br data-mce-fragment=""1"">- Long sleeve crewneck sweatshirt <br data-mce-fragment=""1"">- Double ribbing side panels for stretch <br data-mce-fragment=""1"">- Cross grain body panels limit shrinkage post-wash <br data-mce-fragment=",bis-hidden
Puffco Head Stash Crewneck,XXXL,Puffco Head Stash Crewneck - XXXL,$90.00,,810028447592,Merch,Puffco,https://www.puffco.com/products/puffco-head-stash-crewneck,https://cdn.shopify.com/s/files/1/0319/5549/files/hashheads_crewneck_900x1200_c8699a63-4941-4739-baa3-f0c09095968a.png?v=1759871573,False,Out of Stock,"Stay warm when you’re grabbing the good stuff. <br data-mce-fragment=""1""><br data-mce-fragment=""1"">- Long sleeve crewneck sweatshirt <br data-mce-fragment=""1"">- Double ribbing side panels for stretch <br data-mce-fragment=""1"">- Cross grain body panels limit shrinkage post-wash <br data-mce-fragment=",bis-hidden
Donde Esta El Hash Hat,Default Title,Donde Esta El Hash Hat,$35.00,,10810028448411,Merch,Puffco,https://www.puffco.com/products/donde-esta-el-hash-hat,https://cdn.shopify.com/s/files/1/0319/5549/files/Puffco_Merch_Donde-Esta-el-Hash_Hat_900x1200_0a8d48eb-d23f-45c9-b382-4d617577edd6.png?v=1759359797,False,Out of Stock,"Siempre buscando lo mejor. No importa a dónde vamos, queremos ver brillar la planta.
<br data-mce-fragment=""1"">- 100% Ecowash cotton twill<br data-mce-fragment=""1"">- Unstructured six panel, lowprofile<br data-mce-fragment=""1"">- Permacurv® visor<br data-mce-fragment=""1"">- Triglide buckle for easier a",bis-hidden
Professional Hash Smoker Hat,Default Title,Professional Hash Smoker Hat,$40.00,,810028449039,Merch,Puffco,https://www.puffco.com/products/professional-hash-smoker-hat,https://cdn.shopify.com/s/files/1/0319/5549/files/Puffco_Merch_Professional_Hat_900x1200_feb927c6-749c-47eb-8c85-36bd69621503.png?v=1759359818,False,Out of Stock,"You either are, or you aren’t.
 
- 100% cotton chino twill  - Unstructured six-panel  - Permacurv® visor  - Adjustable buckle closure with grommet 
 ",bis-hidden
What a Time to be Alive Shirt,S,What a Time to be Alive Shirt - S,$40.00,,810028448858,Merch,Puffco,https://www.puffco.com/products/what-a-time-to-be-alive-t-shirt,https://cdn.shopify.com/s/files/1/0319/5549/files/Puffco_Merch_Zombie-Juice_Tee_900x1200_f5b61adf-35e2-4510-b867-b0efa377bb79.png?v=1759359776,False,Out of Stock,"If not now, then when? Speak hash to power. 
Feat. Juice from Flatbush Zombies. 
 
- Unisex - 6.5 oz 100% cotton  - Garment-dyed  - Oversized, size down for true-to-size fit. 
<p style=""color: gray; font-size: smaller;""> Jericho is 5’11” and wearing size Medium. Made in Los Angeles. ",bis-hidden
What a Time to be Alive Shirt,M,What a Time to be Alive Shirt - M,$40.00,,810028448865,Merch,Puffco,https://www.puffco.com/products/what-a-time-to-be-alive-t-shirt,https://cdn.shopify.com/s/files/1/0319/5549/files/Puffco_Merch_Zombie-Juice_Tee_900x1200_f5b61adf-35e2-4510-b867-b0efa377bb79.png?v=1759359776,False,Out of Stock,"If not now, then when? Speak hash to power. 
Feat. Juice from Flatbush Zombies. 
 
- Unisex - 6.5 oz 100% cotton  - Garment-dyed  - Oversized, size down for true-to-size fit. 
<p style=""color: gray; font-size: smaller;""> Jericho is 5’11” and wearing size Medium. Made in Los Angeles. ",bis-hidden
What a Time to be Alive Shirt,L,What a Time to be Alive Shirt - L,$40.00,,810028448872,Merch,Puffco,https://www.puffco.com/products/what-a-time-to-be-alive-t-shirt,https://cdn.shopify.com/s/files/1/0319/5549/files/Puffco_Merch_Zombie-Juice_Tee_900x1200_f5b61adf-35e2-4510-b867-b0efa377bb79.png?v=1759359776,False,Out of Stock,"If not now, then when? Speak hash to power. 
Feat. Juice from Flatbush Zombies. 
 
- Unisex - 6.5 oz 100% cotton  - Garment-dyed  - Oversized, size down for true-to-size fit. 
<p style=""color: gray; font-size: smaller;""> Jericho is 5’11” and wearing size Medium. Made in Los Angeles. ",bis-hidden
What a Time to be Alive Shirt,XL,What a Time to be Alive Shirt - XL,$40.00,,810028448889,Merch,Puffco,https://www.puffco.com/products/what-a-time-to-be-alive-t-shirt,https://cdn.shopify.com/s/files/1/0319/5549/files/Puffco_Merch_Zombie-Juice_Tee_900x1200_f5b61adf-35e2-4510-b867-b0efa377bb79.png?v=1759359776,False,Out of Stock,"If not now, then when? Speak hash to power. 
Feat. Juice from Flatbush Zombies. 
 
- Unisex - 6.5 oz 100% cotton  - Garment-dyed  - Oversized, size down for true-to-size fit. 
<p style=""color: gray; font-size: smaller;""> Jericho is 5’11” and wearing size Medium. Made in Los Angeles. ",bis-hidden
What a Time to be Alive Shirt,XXL,What a Time to be Alive Shirt - XXL,$40.00,,810028448896,Merch,Puffco,https://www.puffco.com/products/what-a-time-to-be-alive-t-shirt,https://cdn.shopify.com/s/files/1/0319/5549/files/Puffco_Merch_Zombie-Juice_Tee_900x1200_f5b61adf-35e2-4510-b867-b0efa377bb79.png?v=1759359776,False,Out of Stock,"If not now, then when? Speak hash to power. 
Feat. Juice from Flatbush Zombies. 
 
- Unisex - 6.5 oz 100% cotton  - Garment-dyed  - Oversized, size down for true-to-size fit. 
<p style=""color: gray; font-size: smaller;""> Jericho is 5’11” and wearing size Medium. Made in Los Angeles. ",bis-hidden
What a Time to be Alive Shirt,XXXL,What a Time to be Alive Shirt - XXXL,$40.00,,810028448902,Merch,Puffco,https://www.puffco.com/products/what-a-time-to-be-alive-t-shirt,https://cdn.shopify.com/s/files/1/0319/5549/files/Puffco_Merch_Zombie-Juice_Tee_900x1200_f5b61adf-35e2-4510-b867-b0efa377bb79.png?v=1759359776,False,Out of Stock,"If not now, then when? Speak hash to power. 
Feat. Juice from Flatbush Zombies. 
 
- Unisex - 6.5 oz 100% cotton  - Garment-dyed  - Oversized, size down for true-to-size fit. 
<p style=""color: gray; font-size: smaller;""> Jericho is 5’11” and wearing size Medium. Made in Los Angeles. ",bis-hidden
Puffco Globlin Crewneck,S,Puffco Globlin Crewneck - S,$80.00,,810028449381,Merch,Puffco,https://www.puffco.com/products/puffco-globlin-crewneck,https://cdn.shopify.com/s/files/1/0319/5549/files/Puffcon_2024_Merch_Globlin_Crewneck-Sweater_900x1200_11a50956-150c-45e9-8dc5-9ac5a594975c.png?v=1759359376,False,Out of Stock,"Certified goblin goals.
 
- Long sleeve crewneck sweatshirt  - 1x1 ribbing at cuffs and waistband  - 70/30 ringspun cotton/polyester/fleece blend 10 oz    ",bis-hidden
Puffco Globlin Crewneck,M,Puffco Globlin Crewneck - M,$80.00,,810028449398,Merch,Puffco,https://www.puffco.com/products/puffco-globlin-crewneck,https://cdn.shopify.com/s/files/1/0319/5549/files/Puffcon_2024_Merch_Globlin_Crewneck-Sweater_900x1200_11a50956-150c-45e9-8dc5-9ac5a594975c.png?v=1759359376,False,Out of Stock,"Certified goblin goals.
 
- Long sleeve crewneck sweatshirt  - 1x1 ribbing at cuffs and waistband  - 70/30 ringspun cotton/polyester/fleece blend 10 oz    ",bis-hidden
Puffco Globlin Crewneck,L,Puffco Globlin Crewneck - L,$80.00,,810028449404,Merch,Puffco,https://www.puffco.com/products/puffco-globlin-crewneck,https://cdn.shopify.com/s/files/1/0319/5549/files/Puffcon_2024_Merch_Globlin_Crewneck-Sweater_900x1200_11a50956-150c-45e9-8dc5-9ac5a594975c.png?v=1759359376,False,Out of Stock,"Certified goblin goals.
 
- Long sleeve crewneck sweatshirt  - 1x1 ribbing at cuffs and waistband  - 70/30 ringspun cotton/polyester/fleece blend 10 oz    ",bis-hidden
Puffco Globlin Crewneck,XL,Puffco Globlin Crewneck - XL,$80.00,,810028449411,Merch,Puffco,https://www.puffco.com/products/puffco-globlin-crewneck,https://cdn.shopify.com/s/files/1/0319/5549/files/Puffcon_2024_Merch_Globlin_Crewneck-Sweater_900x1200_11a50956-150c-45e9-8dc5-9ac5a594975c.png?v=1759359376,False,Out of Stock,"Certified goblin goals.
 
- Long sleeve crewneck sweatshirt  - 1x1 ribbing at cuffs and waistband  - 70/30 ringspun cotton/polyester/fleece blend 10 oz    ",bis-hidden
Puffco Globlin Crewneck,XXL,Puffco Globlin Crewneck - XXL,$80.00,,810028449428,Merch,Puffco,https://www.puffco.com/products/puffco-globlin-crewneck,https://cdn.shopify.com/s/files/1/0319/5549/files/Puffcon_2024_Merch_Globlin_Crewneck-Sweater_900x1200_11a50956-150c-45e9-8dc5-9ac5a594975c.png?v=1759359376,False,Out of Stock,"Certified goblin goals.
 
- Long sleeve crewneck sweatshirt  - 1x1 ribbing at cuffs and waistband  - 70/30 ringspun cotton/polyester/fleece blend 10 oz    ",bis-hidden
Puffco Globlin Crewneck,XXXL,Puffco Globlin Crewneck - XXXL,$80.00,,810028449435,Merch,Puffco,https://www.puffco.com/products/puffco-globlin-crewneck,https://cdn.shopify.com/s/files/1/0319/5549/files/Puffcon_2024_Merch_Globlin_Crewneck-Sweater_900x1200_11a50956-150c-45e9-8dc5-9ac5a594975c.png?v=1759359376,False,Out of Stock,"Certified goblin goals.
 
- Long sleeve crewneck sweatshirt  - 1x1 ribbing at cuffs and waistband  - 70/30 ringspun cotton/polyester/fleece blend 10 oz    ",bis-hidden
Hash Solutions Long Sleeve,S,Hash Solutions Long Sleeve - S,$70.00,,850068033300,Merch,Puffco,https://www.puffco.com/products/contemporary-hash-solutions-long-sleeve,https://cdn.shopify.com/s/files/1/0319/5549/files/wntrmerch_0000_Shirt-Front.png?v=1734386247,False,Out of Stock,"<strong>100% of the sales from this long sleeve are going to these charities to support the LA Wildfire relief effort.</strong>  • <a style=""color: blue; text-decoration: underline;"" href=""https://www.lafoodbank.org/fire"">LA Regional Foodbank</a> • <a style=""color: blue; text-decoration: underline;""",bis-hidden
Hash Solutions Long Sleeve,M,Hash Solutions Long Sleeve - M,$70.00,,850068033317,Merch,Puffco,https://www.puffco.com/products/contemporary-hash-solutions-long-sleeve,https://cdn.shopify.com/s/files/1/0319/5549/files/wntrmerch_0000_Shirt-Front.png?v=1734386247,False,Out of Stock,"<strong>100% of the sales from this long sleeve are going to these charities to support the LA Wildfire relief effort.</strong>  • <a style=""color: blue; text-decoration: underline;"" href=""https://www.lafoodbank.org/fire"">LA Regional Foodbank</a> • <a style=""color: blue; text-decoration: underline;""",bis-hidden
Hash Solutions Long Sleeve,L,Hash Solutions Long Sleeve - L,$70.00,,850068033324,Merch,Puffco,https://www.puffco.com/products/contemporary-hash-solutions-long-sleeve,https://cdn.shopify.com/s/files/1/0319/5549/files/wntrmerch_0000_Shirt-Front.png?v=1734386247,False,Out of Stock,"<strong>100% of the sales from this long sleeve are going to these charities to support the LA Wildfire relief effort.</strong>  • <a style=""color: blue; text-decoration: underline;"" href=""https://www.lafoodbank.org/fire"">LA Regional Foodbank</a> • <a style=""color: blue; text-decoration: underline;""",bis-hidden
Hash Solutions Long Sleeve,XL,Hash Solutions Long Sleeve - XL,$70.00,,850068033331,Merch,Puffco,https://www.puffco.com/products/contemporary-hash-solutions-long-sleeve,https://cdn.shopify.com/s/files/1/0319/5549/files/wntrmerch_0000_Shirt-Front.png?v=1734386247,False,Out of Stock,"<strong>100% of the sales from this long sleeve are going to these charities to support the LA Wildfire relief effort.</strong>  • <a style=""color: blue; text-decoration: underline;"" href=""https://www.lafoodbank.org/fire"">LA Regional Foodbank</a> • <a style=""color: blue; text-decoration: underline;""",bis-hidden
Hash Solutions Long Sleeve,XXL,Hash Solutions Long Sleeve - XXL,$70.00,,850068033348,Merch,Puffco,https://www.puffco.com/products/contemporary-hash-solutions-long-sleeve,https://cdn.shopify.com/s/files/1/0319/5549/files/wntrmerch_0000_Shirt-Front.png?v=1734386247,False,Out of Stock,"<strong>100% of the sales from this long sleeve are going to these charities to support the LA Wildfire relief effort.</strong>  • <a style=""color: blue; text-decoration: underline;"" href=""https://www.lafoodbank.org/fire"">LA Regional Foodbank</a> • <a style=""color: blue; text-decoration: underline;""",bis-hidden
Hash Solutions Long Sleeve,XXXL,Hash Solutions Long Sleeve - XXXL,$70.00,,850068033355,Merch,Puffco,https://www.puffco.com/products/contemporary-hash-solutions-long-sleeve,https://cdn.shopify.com/s/files/1/0319/5549/files/wntrmerch_0000_Shirt-Front.png?v=1734386247,False,Out of Stock,"<strong>100% of the sales from this long sleeve are going to these charities to support the LA Wildfire relief effort.</strong>  • <a style=""color: blue; text-decoration: underline;"" href=""https://www.lafoodbank.org/fire"">LA Regional Foodbank</a> • <a style=""color: blue; text-decoration: underline;""",bis-hidden
Puffco Brand Beanie,Default Title,Puffco Brand Beanie,$40.00,,850068033362,Merch,Puffco,https://www.puffco.com/products/puffco-brand-beanie,https://cdn.shopify.com/s/files/1/0319/5549/files/wntrmerch_0004_beanie-first.png?v=1734386270,False,Out of Stock,"<strong>100% of the sales from this beanie are going to these charities to support the LA Wildfire relief effort.</strong>  • <a href=""https://www.lafoodbank.org/fire"" style=""color: blue; text-decoration: underline;"">LA Regional Foodbank</a> • <a href=""https://antirecidivism.org/"" style=""color: blue",bis-hidden
Professional Bucket Hat,Default Title,Professional Bucket Hat,$40.00,,810028449312,Merch,Puffco,https://www.puffco.com/products/professional-bucket-hat,https://cdn.shopify.com/s/files/1/0319/5549/files/Puffco_Merch_Professional_Bucket-Hat_900x1200_29484bbf-7b4a-45af-8eef-cc27f4ab2347.png?v=1759359950,False,Out of Stock,"Dress for the job you want.
 
- Heavy duty cotton canvas  - Flat top  - White, flat embroidery    ",bis-hidden
Hash Heads Hat,Stone,Hash Heads Hat - Stone,$35.00,,810028445659,Merch,Puffco,https://www.puffco.com/products/hash-heads-hat,https://cdn.shopify.com/s/files/1/0319/5549/files/Puffco_Merch_Hash-Heads_Hat_Stone_900x1200_2a01fecf-5ee4-4942-a611-4d063d9d1496.png?v=1759359835,False,Out of Stock,"This one’s for the hash heads. No cap.  Available in Black &amp; Stone colorways.
 
 
- 100% Ecowash cotton twill
 
- Unstructured sixpanel, lowprofile
 
- Permacurv® visor
 
- Triglide buckle for easier adjustment
","""EARLY25"", ""Final Employee Collection"", ""Merchandise"", ""zip-not-restricted"", ""zip-restricted""], [""Apperal"", bis-hidden"
Hash Heads Hat,Black,Hash Heads Hat - Black,$35.00,,810028445642,Merch,Puffco,https://www.puffco.com/products/hash-heads-hat,https://cdn.shopify.com/s/files/1/0319/5549/products/hats_0005_main-black.png?v=1759359835,False,Out of Stock,"This one’s for the hash heads. No cap.  Available in Black &amp; Stone colorways.
 
 
- 100% Ecowash cotton twill
 
- Unstructured sixpanel, lowprofile
 
- Permacurv® visor
 
- Triglide buckle for easier adjustment
","""EARLY25"", ""Final Employee Collection"", ""Merchandise"", ""zip-not-restricted"", ""zip-restricted""], [""Apperal"", bis-hidden"
Dad Hat,Black,Dad Hat - Black,$35.00,,850002061796,Merch,Puffco,https://www.puffco.com/products/puffco-dad-hat,https://cdn.shopify.com/s/files/1/0319/5549/products/Hats_0003_Layer-Comp-4.png?v=1759359848,False,Out of Stock,"- 100% cotton chino twill - Unstructured, low-profile, six-panel - Buckle closure with grommet","""BFCM22"", ""EARLY25"", ""Final Employee Collection"", ""Merchandise"", ""zip-not-restricted"", ""zip-restricted""], [""Apperal"", bis-hidden"
Dad Hat,Stone,Dad Hat - Stone,$35.00,,850002061802,Merch,Puffco,https://www.puffco.com/products/puffco-dad-hat,https://cdn.shopify.com/s/files/1/0319/5549/products/Stone4.png?v=1759359848,False,Out of Stock,"- 100% cotton chino twill - Unstructured, low-profile, six-panel - Buckle closure with grommet","""BFCM22"", ""EARLY25"", ""Final Employee Collection"", ""Merchandise"", ""zip-not-restricted"", ""zip-restricted""], [""Apperal"", bis-hidden"
Dad Hat,Orange,Dad Hat - Orange,$35.00,,810028440562,Merch,Puffco,https://www.puffco.com/products/puffco-dad-hat,https://cdn.shopify.com/s/files/1/0319/5549/files/Puffco_Merch_Orange_Hat_900x1200_31cb814c-89f5-43a5-8272-fb0f3cbbd961.png?v=1759359848,False,Out of Stock,"- 100% cotton chino twill - Unstructured, low-profile, six-panel - Buckle closure with grommet","""BFCM22"", ""EARLY25"", ""Final Employee Collection"", ""Merchandise"", ""zip-not-restricted"", ""zip-restricted""], [""Apperal"", bis-hidden"
Cupsy/Budsy Bowl & Tether,Single Pack,Cupsy/Budsy Bowl & Tether - Single Pack,$5.00,,810028441071,Accessory,Puffco,https://www.puffco.com/products/the-cupsy-tether-and-bowl,https://cdn.shopify.com/s/files/1/0319/5549/products/budsybowl_0000_Layer-Comp-1_1.png?v=1629494109,False,Out of Stock,"For stealthy smoking. The Cupsy Bowl is a ceramic flower bowl with a silicone tab for safe handling. When you’re done sparking up, the Cupsy Bowl and tab tuck away, sealing your water and herb in the hidden compartment for maximum discretion.","Accessory, BFCM22, bis-hidden, EARLY25, Final Employee Collection, YBlocklist, zip-restricted"
Cupsy/Budsy Bowl & Tether,3-Pack,Cupsy/Budsy Bowl & Tether - 3-Pack,$13.00,,810028443280,Accessory,Puffco,https://www.puffco.com/products/the-cupsy-tether-and-bowl,https://cdn.shopify.com/s/files/1/0319/5549/products/budsybowl_0000_Layer-Comp-1_1.png?v=1629494109,False,Out of Stock,"For stealthy smoking. The Cupsy Bowl is a ceramic flower bowl with a silicone tab for safe handling. When you’re done sparking up, the Cupsy Bowl and tab tuck away, sealing your water and herb in the hidden compartment for maximum discretion.","Accessory, BFCM22, bis-hidden, EARLY25, Final Employee Collection, YBlocklist, zip-restricted"
