name,slug,category,price,salePrice,image,description,brand,inStock,stockQuantity,badges,sku,barcode,status,weight,dimensions,rating,complianceLevel,complianceTemplate,complianceNotes,safetyWarnings,legalDisclaimers,intendedUse,ageRestriction,subcategory,strainType,strainName,cannabinoidType,cannabinoidStrength,thcaPercentage,weightVolume,unitsPerPack,servingsPerItem,bottleSize,volume
Hot Knife - Onyx,hot-knife-onyx,high-end-vaporizers,50,,https://cdn.shopify.com/s/files/1/0319/5549/files/Peak-Pro-_0001_Onyx-HLT-Cap-Off.png?v=1756234969,"Say goodbye to stickiness. The Hot Knife is a USB-C chargeable loading tool with a ceramic tip that heats at the push of a button. No more dirty dab tools, sticky fingers, or clothes fuzz in your bowl – just hold down the button and watch your extract drop off in 3 seconds. *Caution - tip gets very",Puffco,true,10,,810028445154,,draft,,,,age-restricted,,,,,,21,Peak PRO Accessories,,,,,,,,,,
Peak Pro 3DXL - Onyx,peak-pro-3dxl-onyx,high-end-vaporizers,420,,https://cdn.shopify.com/s/files/1/0319/5549/files/PeakProOnyxLeft3Quarter3DXL.png?v=1763407824,"The new Peak Pro 3DXL is the pinnacle of hash technology. This premium smart rig delivers incredible flavor and unparalleled performance.Unlock the fullest potential of the plant with its patented 3DXL Chamber, single-button interface, and deep customization via the Connect app. Featuring the Joysti",Puffco,false,0,out-of-stock,810028448728,,draft,,,,age-restricted,,,,,,21,Peak PRO,,,,,,,,,,
Peak Pro 3DXL - Pearl,peak-pro-3dxl-pearl,high-end-vaporizers,420,,https://cdn.shopify.com/s/files/1/0319/5549/files/PeakProPearlLeft3Quarter3DXL.png?v=1755801933,"The new Peak Pro 3DXL is the pinnacle of hash technology. This premium smart rig delivers incredible flavor and unparalleled performance.Unlock the fullest potential of the plant with its patented 3DXL Chamber, single-button interface, and deep customization via the Connect app. Featuring the Joys",Puffco,true,10,,810028448735,,draft,,,,age-restricted,,,,,,21,Peak PRO,,,,,,,,,,
Peak Pro 3DXL Chamber - Silver,peak-pro-3dxl-chamber-silver,high-end-vaporizers,100,,https://cdn.shopify.com/s/files/1/0319/5549/files/3dxl_0004_Layer-Comp-5.png?v=1763421662,"78% larger bowl. 2x more vapor. The Peak Pro 3DXL is the world’s first high capacity e-rig chamber. Delivering the same incredible flavor and consistency our patented 3D technology is known for, the 3DXL’s deeper chamber and XL Joystick let you load fuller and rip harder—with less reclaim. The 3DXL",Puffco,true,10,,810028446502,,draft,,,,age-restricted,,,,,,21,Peak PRO Accessories,,,,,,,,,,
Peak Pro 3D Chamber,peak-pro-3d-chamber,high-end-vaporizers,75,,https://cdn.shopify.com/s/files/1/0319/5549/products/3DChamber.png?v=1635531440,"Our patented 3D Chamber gives you better flavor and a consistent hit every time. Innovative sensors provide real-time temperature control, while heat traces embedded in the ceramic walls vaporize concentrate from the sides – not the bottom. This top-tier technology protects the terpenes and cannabin",Puffco,true,10,,810028442979,,draft,,,,age-restricted,,,,,,21,Peak PRO Accessories,,,,,,,,,,
Peak Pro 3DXL Chamber - Limited Edition Black,peak-pro-3dxl-chamber-limited-edition-black,high-end-vaporizers,100,,https://cdn.shopify.com/s/files/1/0319/5549/files/3DXL_Black_Interior_Gallery.png?v=1763426344,"78% larger bowl. 2x more vapor. The Peak Pro 3DXL is the world’s first high capacity e-rig chamber. Delivering the same incredible flavor and consistency our patented 3D technology is known for, the 3DXL’s deeper chamber and XL Joystick let you load fuller and rip harder—with less reclaim. The 3DXL",Puffco,true,10,,850068033430,,draft,,,,age-restricted,,,,,,21,Peak PRO Accessories,,,,,,,,,,
Peak - Onyx,peak-onyx,high-end-vaporizers,220,,https://cdn.shopify.com/s/files/1/0319/5549/files/onyx_0003_Peak-Onyx-3Quarters-Left.png?v=1765323176,"<span>The new Peak is the most effortless dab experience ever. Smarter, simpler, and comfy in-hand, our original intelligent vaporizer now features a 3D Chamber, Joystick Cap, and real-time temperature control. With its seamless single-button interface, premium water filtration and four dialed heat",Puffco,true,10,,810028447004,,draft,,,,age-restricted,,,,,,21,Peak,,,,,,,,,,
Peak - Bliss,peak-bliss,high-end-vaporizers,220,,https://cdn.shopify.com/s/files/1/0319/5549/files/Peak-Cloud-3Quarters-Left.png?v=1739226008,"<span>The new Peak is the most effortless dab experience ever. Smarter, simpler, and comfy in-hand, our original intelligent vaporizer now features a 3D Chamber, Joystick Cap, and real-time temperature control. With its seamless single-button interface, premium water filtration and four dialed heat",Puffco,true,10,,810028449831,,draft,,,,age-restricted,,,,,,21,Peak,,,,,,,,,,
Peak 3D Chamber,peak-3d-chamber,high-end-vaporizers,60,,https://cdn.shopify.com/s/files/1/0319/5549/files/chambernsticks_0000_Peak_-Chamber_-Joystick-Cap_-Onyx.png?v=1721265198,"The new Peak 3D Chamber gives you bigger clouds, better flavor, and a consistent hit every time. Innovative sensors provide real-time temperature control, while heat traces embedded in the ceramic walls vaporize concentrate from the sides — not the bottom. <meta charset=""utf-8"">This top-tier technol",Puffco,true,10,,810028448117,,draft,,,,age-restricted,,,,,,21,Peak Accessories,,,,,,,,,,
Pivot - Onyx,pivot-onyx,high-end-vaporizers,130,,https://cdn.shopify.com/s/files/1/0319/5549/files/ProxyOnly_0000_Pivot_-Onyx_-Font-Facing_-Light-On.png?v=1763421697,"The Pivot puts the full Puffco experience in your pocket. The same size as a dab pen, this discreet, mobile vaporizer features a quick-release 3D Chamber that delivers premium flavor and real-time temperature control. With a light bar that serves as a visual dab timer, haptic feedback, a single-butt",Puffco,true,10,,810028446687,,draft,,,,age-restricted,,,,,,21,Pivot,,,,,,,,,,
Pivot 3D Chamber 2-Pack,pivot-3d-chamber-2-pack,high-end-vaporizers,60,,https://cdn.shopify.com/s/files/1/0319/5549/files/chambers_0000_Pivot-Onyx_-2-Pack_-3D-Chamber_-Open.png?v=1728933623,"Pivot’s quick-release 3D Chamber 2-Pack ensures you’re ready for anything. Preload the chambers before you head out, and pop on a fresh one with a twist whenever you need it. With Pivot's innovative algorithm driving the experience, you get consistent temps, big vapor, and incredible flavor. Availa",Puffco,true,10,,810028448094,,draft,,,,age-restricted,,,,,,21,Pivot Accessories,,,,,,,,,,
New Proxy - Onyx,new-proxy-onyx,high-end-vaporizers,250,,https://cdn.shopify.com/s/files/1/0319/5549/files/Proxy_-Onyx_-Profile_-Left.png?v=1764658788,"The new Proxy is smarter, smoother, and more powerful. A refined shape delivers bigger, cleaner hits with a refined feel in your hand. The upgraded 3D Chamber unlocks bigger dabs, better flavor, and reduces splash out. Bluetooth control via the Puffco Connect App puts full control of temp, session t",Puffco,true,10,,810028449893,,draft,,,,age-restricted,,,,,,21,Kits,,,,,,,,,,
New Proxy - Haze,new-proxy-haze,high-end-vaporizers,250,,https://cdn.shopify.com/s/files/1/0319/5549/files/Proxy_-Haze_-Profile_-Left.png?v=1764658784,"The new Proxy is smarter, smoother, and more powerful. A refined shape delivers bigger, cleaner hits with a refined feel in your hand. The upgraded 3D Chamber unlocks bigger dabs, better flavor, and reduces splash out. Bluetooth control via the Puffco Connect App puts full control of temp, session t",Puffco,true,10,,810028449909,,draft,,,,age-restricted,,,,,,21,Kits,,,,,,,,,,
Peak - Canyon,peak-canyon,high-end-vaporizers,220,,https://cdn.shopify.com/s/files/1/0319/5549/files/Puffco_Peak_Canyon_3Quarters-Left_900x1200_ca3a2ac2-d661-4efb-93ba-6322eb5eef65.png?v=1761587148,"The new Peak is the most effortless dab experience ever. Smarter, simpler, and comfy in-hand, our original intelligent vaporizer now features a 3D Chamber, Joystick Cap, and real-time temperature control. With its seamless single-button interface, premium water filtration and four dialed heat preset",Puffco,true,10,,850068033263,,draft,,,,age-restricted,,,,,,21,Peak,,,,,,,,,,
Peak - Pine,peak-pine,high-end-vaporizers,220,,https://cdn.shopify.com/s/files/1/0319/5549/files/Puffco_Peak_Pine_01_3Quarters-Left_900x1200_c490a493-3a26-4676-a135-cf32b8ecdb9f.png?v=1761587143,"The new Peak is the most effortless dab experience ever. Smarter, simpler, and comfy in-hand, our original intelligent vaporizer now features a 3D Chamber, Joystick Cap, and real-time temperature control. With its seamless single-button interface, premium water filtration and four dialed heat preset",Puffco,true,10,,850068033232,,draft,,,,age-restricted,,,,,,21,Peak,,,,,,,,,,
Pivot - Pine,pivot-pine,high-end-vaporizers,130,,https://cdn.shopify.com/s/files/1/0319/5549/files/Pivot_-Pine_-Font-Facing_-Light-On.png?v=1761587138,"The Pivot puts the full Puffco experience in your pocket. The same size as a pen, this discreet, mobile vaporizer features a quick-release 3D Chamber that delivers premium flavor and real-time temperature control. With a light bar that serves as a visual dab timer, haptic feedback, a single-button i",Puffco,true,10,,850068033195,,draft,,,,age-restricted,,,,,,21,Pivot,,,,,,,,,,
Pivot Pine Mouthpiece 2-Pack - Pine,pivot-pine-mouthpiece-2-pack-pine,high-end-vaporizers,15,,https://cdn.shopify.com/s/files/1/0319/5549/files/Puffco_Pivot_Mouthpiece_2Pack_Pine_900x1200_38ea8108-8e58-4dd3-8225-3205c5aae7e5.png?v=1761603077,"The Pivot Mouthpiece is soft silicone and features a directional airpath, specifically designed to maximize vapor and reduce splashback. The threadless cap closure and connected tether keep your concentrate secure and minimize reclaim build-up. Available in Mocha and Pine. <p style=""font-style:",Puffco,true,10,,850068033225,,draft,,,,age-restricted,,,,,,21,Pivot Accessories,,,,,,,,,,
New Proxy Wizard - Onyx,new-proxy-wizard-onyx,high-end-vaporizers,100,,https://cdn.shopify.com/s/files/1/0319/5549/files/Proxy-V2_-Onyx_-Wiz_-Left_-Empty.png?v=1758153301,"The Proxy Wizard is an elegant dry pipe designed to bring both style and performance to your ritual. Its long spiral stem cools vapor before it reaches you, delivering smooth, flavorful hits with every draw. The hand-blown borosilicate glass adds refined artistry, while the grooved bowl provides a",Puffco,true,10,,850068033126,,draft,,,,age-restricted,,,,,,21,Proxy Accessory,,,,,,,,,,
New Proxy Wizard - Haze,new-proxy-wizard-haze,high-end-vaporizers,100,,https://cdn.shopify.com/s/files/1/0319/5549/files/Proxy-V2_-Wiz_-Haze_-Left-Empty.png?v=1758153283,"The Proxy Wizard is an elegant dry pipe designed to bring both style and performance to your ritual. Its long spiral stem cools vapor before it reaches you, delivering smooth, flavorful hits with every draw. The hand-blown borosilicate glass adds refined artistry, while the grooved bowl provides a",Puffco,true,10,,850068033140,,draft,,,,age-restricted,,,,,,21,Proxy Accessory,,,,,,,,,,
New Proxy Bub - Onyx,new-proxy-bub-onyx,high-end-vaporizers,100,,https://cdn.shopify.com/s/files/1/0319/5549/files/Proxy_-Onyx_-Bub_-Left_-Empty.png?v=1757516621,"The Proxy Bub brings water filtration to your ritual, cooling each draw for a smoother, more flavorful hit. With a stable, upright design and a comfortable hold, it’s made for the kind of sessions that don’t rush. Whether you're winding down or dialing in, the Bub adds a clean, classic element to y",Puffco,true,10,,850068033133,,draft,,,,age-restricted,,,,,,21,Proxy Accessory,,,,,,,,,,
New Proxy Bub - Haze,new-proxy-bub-haze,high-end-vaporizers,100,,https://cdn.shopify.com/s/files/1/0319/5549/files/Proxy-V2_-Haze_-Bub_-Left-Empty_e67cf38c-d134-46e4-833e-7c5a4f8464a0.png?v=1758153324,"The Proxy Bub brings water filtration to your ritual, cooling each draw for a smoother, more flavorful hit. With a stable, upright design and a comfortable hold, it’s made for the kind of sessions that don’t rush. Whether you're winding down or dialing in, the Bub adds a clean, classic element to y",Puffco,true,10,,850068033157,,draft,,,,age-restricted,,,,,,21,Proxy Accessory,,,,,,,,,,
New Proxy 3D Chamber,new-proxy-3d-chamber,high-end-vaporizers,50,,https://cdn.shopify.com/s/files/1/0319/5549/files/Proxy-V2_-Chamber_-Onyx_-Forward.png?v=1757516621,"The new Proxy 3D Chamber is engineered exclusively for the new Proxy. With a taller, larger bowl, it unlocks bigger dab and minimizes splash out. Patented 3D heating technology preserves terpenes and cannabinoids, so every session delivers clean, flavorful vapor with a bigger impact. Only compatibl",Puffco,true,10,,810028449916,,draft,,,,age-restricted,,,,,,21,Proxy Accessory,,,,,,,,,,
Peak Atomizer - Single Pack,peak-atomizer-single-pack,high-end-vaporizers,40,,https://cdn.shopify.com/s/files/1/0319/5549/products/NewAtomizer.png?v=1765307747,"The Peak Atomizer is the magic behind the Peak experience. Made without any coils, glues, plastics or fibers, the Atomizer is designed for the purest consumption experience ever. Contains a ceramic bowl that provides optimal flavor and heat performance. <meta charset=""utf-8""><span>Only compatible",Puffco,true,10,,851788007237,,draft,,,,age-restricted,,,,,,21,Accessory,,,,,,,,,,
Puffco Travel Case - Daybreak,puffco-travel-case-daybreak,high-end-vaporizers,50,,https://cdn.shopify.com/s/files/1/0319/5549/files/TravelCaseDaybreakClosed_672b7591-c7ff-4e29-bf38-480384bb6367.png?v=1750723022,"The Travel Case keeps your stash organized. Featuring a ridged hard aluminum exterior with a magnetic lid closure and soft silicone inside to reduce rattling, the Travel Case has room for a Pivot + Hot Knife, up to 3 jars, cotton swabs, a covered section for trash, and anything else you might need.",Puffco,true,10,,850068033393,,draft,,,,age-restricted,,,,,,21,Peak PRO Accessories,,,,,,,,,,
Pivot + Hot Knife - Onyx,pivot-hot-knife-onyx,high-end-vaporizers,180,,https://cdn.shopify.com/s/files/1/0319/5549/files/onyxpivot-onyxhotknife_v2.png?v=1756234928,"Pivot + Hot Knife ships free. The Pivot + Hot Knife Onyx Bundle is designed for smooth, efficient sessions. With Pivot in Onyx and a matching Onyx Hot Knife, this duo makes loading easy and delivers big clouds — all in a discreet, portable form. Includes: <ul> <li>- Pivot - Onyx</li> <li>- Hot K",Puffco,true,10,,,,draft,,,,age-restricted,,,,,,21,Pivot,,,,,,,,,,
Peak + Hot Knife - Onyx & Onyx,peak-hot-knife-onyx-onyx,high-end-vaporizers,270,,https://cdn.shopify.com/s/files/1/0319/5549/files/NewPeak_HotKnife_Bundle_Onyx_Onyx_R2.png?v=1724718969,"Who knew the most effortless dab ever and the most effortless loading tool ever could look this good together? Smarter, simpler, and seamless — the new Onyx Peak and Onyx Hot Knife are a match made in hash heaven. <span>Available in Onyx and Cloud.</span> Includes: <ul> <li>- Peak - Onyx</li> <l",Puffco,true,10,,,,draft,,,,age-restricted,,,,,,21,Peak,,,,,,,,,,
Peak Pro 3DXL Set - Pearl,peak-pro-3dxl-set-pearl,high-end-vaporizers,520,,https://cdn.shopify.com/s/files/1/0319/5549/files/pearlpeakpro-pearltravelcase-pearlhotknife-bundle.png?v=1755723999,"Clean design. Complete setup. The Peak Pro Pearl Set offers a polished look with everything in one set. Featuring the Peak Pro, Hot Knife, and Travel Case in Pearl, this bundle delivers cohesive style and reliable performance session after session. Includes: <ul> <li>- Peak Pro 3DXL - Pearl</li>",Puffco,true,10,,,,draft,,,,age-restricted,,,,,,21,Peak PRO,,,,,,,,,,
Peak Pro 3DXL Set - Onyx,peak-pro-3dxl-set-onyx,high-end-vaporizers,520,,https://cdn.shopify.com/s/files/1/0319/5549/files/onyxpeakpro-pearltravelcase-onyxhotknife-bundle.png?v=1755723992,"Performance, perfected. The Peak Pro Onyx Set brings everything together for a sharp, functional setup. Featuring the Peak Pro in Onyx, paired with an Onyx Hot Knife and a Pearl Travel Case, this set is built to keep your ritual smooth and consistent wherever it goes. Includes: <ul> <li>- Peak P",Puffco,true,10,,,,draft,,,,age-restricted,,,,,,21,Peak PRO,,,,,,,,,,
Proxy 3D Chamber,proxy-3d-chamber,high-end-vaporizers,50,,https://cdn.shopify.com/s/files/1/0319/5549/products/MainProxy_0001_chamber.png?v=1654644971,"The 3D Chamber is a game changer. This innovative ceramic bowl uses patented technology to preserve terpenes and cannabinoids. As you inhale, heating traces vaporize your extract on the sides of the chamber – not the bottom – so you can enjoy bigger, better tasting hits. <p style=""font-style: ital",Puffco,true,10,,810028443570,,draft,,,,age-restricted,,,,,,21,Proxy Accessory,,,,,,,,,,
Pivot Glass Adapter,pivot-glass-adapter,high-end-vaporizers,60,,https://cdn.shopify.com/s/files/1/0319/5549/files/adapter_0000_Pivot-Glass-Adapter_-Right.png?v=1763421697,"The Glass Adapter makes it easy to add 3D Chamber tech to your favorite glass rig or bong. Simply twist the Adapter onto the Pivot base, insert the glass joint into your piece, and enjoy better flavor and bigger vapor with less hassle. Includes a quick-release 3D Chamber and 10mm + 14mm glass joint",Puffco,true,10,,810028448087,,draft,,,,age-restricted,,,,,,21,Pivot Accessories,,,,,,,,,,
Puffco Travel Case - Pearl,puffco-travel-case-pearl,high-end-vaporizers,50,,https://cdn.shopify.com/s/files/1/0319/5549/files/pokeball_0000_Travel-Case_-Silver_-Closed_8a260836-4898-4984-9850-566b2fbcc928.png?v=1755802043,"The Travel Case keeps your stash organized. Featuring a ridged hard aluminum exterior with a magnetic lid closure and soft silicone inside to reduce rattling, the Travel Case has room for a Pivot + Hot Knife, up to 3 jars, cotton swabs, a covered section for trash, and anything else you might need.",Puffco,true,10,,810028446908,,draft,,,,age-restricted,,,,,,21,Pivot Accessories,,,,,,,,,,
Pivot Mocha Mouthpiece 2-Pack - Mocha,pivot-mocha-mouthpiece-2-pack-mocha,high-end-vaporizers,15,,https://cdn.shopify.com/s/files/1/0319/5549/files/mouthpieces_mocha_0002_pivot.png?v=1742586240,"The Pivot Mouthpiece is soft silicone and features a directional airpath, specifically designed to maximize vapor and reduce splashback. The threadless cap closure and connected tether keep your concentrate secure and minimize reclaim build-up. Available in Mocha. <p style=""font-style: italic; f",Puffco,true,10,,850068033010,,draft,,,,age-restricted,,,,,,21,Pivot Accessories,,,,,,,,,,
Proxy Ryan Fitt Recycler,proxy-ryan-fitt-recycler,high-end-vaporizers,200,,https://cdn.shopify.com/s/files/1/0319/5549/files/first_1.png?v=1705360002,"Master glassblower Ryan Fitt has done it again. Beautiful and balanced, the Proxy Ryan Fitt Recycler delivers bigger, cooler hits with Ryan’s signature recycling action and style. This borosilicate glass Piece is the latest in the Proxy Collection, fitting comfortably in hand and effortlessly blendi",Puffco,true,10,,810028445093,,draft,,,,age-restricted,,,,,,21,Proxy Accessory,,,,,,,,,,
Ryan Fitt Recycler Glass 2.0,ryan-fitt-recycler-glass-2-0,high-end-vaporizers,300,,https://cdn.shopify.com/s/files/1/0319/5549/products/heroRyan_d74bc0cc-577a-4a2d-830c-9095333fc359.png?v=1763421662,"The Ryan Fitt Recycler 2.0 is our second collaboration with master glassblower Ryan Fitt. This glass Top for the Peak &amp; Peak Pro is not only beautifully designed, it has better filtration and adds even more water volume than the first Recycler. Cooler, bigger, more consistent hits – 2.0.",Puffco,true,10,,810028442771,,draft,,,,age-restricted,,,,,,21,Peak PRO Accessories,,,,,,,,,,
Ryan Fitt Recycler Glass,ryan-fitt-recycler-glass,high-end-vaporizers,250,,https://cdn.shopify.com/s/files/1/0319/5549/products/Recycler.png?v=1588334336,"The Ryan Fitt Recycler is a collaboration with master glassblower Ryan Fitt. This glass Top for the Peak &amp; Peak Pro provides more water volume and improved filtration, featuring a fluted inner funnel and external intake tubes for a cooler, bigger, more consistent hit.",Puffco,true,10,,810028440326,,draft,,,,age-restricted,,,,,,21,Peak PRO Accessories,,,,,,,,,,
Peak Pro Glass 2.0,peak-pro-glass-2-0,high-end-vaporizers,100,,https://cdn.shopify.com/s/files/1/0319/5549/files/TheNewPeakProGlass.png?v=1694471309,The Peak Pro Glass 2.0 is beauty and performance combined. Dual hand-blown borosilicate glass chambers showcase an elegant spiral design within. Five laser cut perc slots deliver improved airflow and filtration. And it can be easily detached and reattached from the base to make cleaning and swapping,Puffco,true,10,,810028445147,,draft,,,,age-restricted,,,,,,21,Peak PRO Accessories,,,,,,,,,,
Peak Glass,peak-glass,high-end-vaporizers,80,,https://cdn.shopify.com/s/files/1/0319/5549/files/Peak_Glass2.png?v=1721689996,"The Peak Glass is beauty and performance combined. Dual hand-blown borosilicate glass chambers showcase a simple yet precise design within. Two sets of laser cut perc holes at the base deliver improved airflow and filtration. And, you easily detach and reattach the glass from the base to make cleani",Puffco,true,10,,810028448360,,draft,,,,age-restricted,,,,,,21,Peak PRO Accessories,,,,,,,,,,
Peak Pro Travel Glass,peak-pro-travel-glass,high-end-vaporizers,125,,https://cdn.shopify.com/s/files/1/0319/5549/files/Travel_Glass_WEBIMAGERY_85b8c34d-4bb0-40be-93bb-2baecdfda8b4.png?v=1696025098,"Take a trip. The Peak Pro Travel Glass is a patented top for the Peak Pro and Peak that allows you to lock water inside the chamber by twisting the mouthpiece. Less spills, better portability, saves water. Dab on the go. <div id=""awebChromeHelper""></div>",Puffco,true,10,,810028441811,,draft,,,,age-restricted,,,,,,21,Peak PRO Accessories,,,,,,,,,,
Peak Pro Travel Glass - Shadow Black,peak-pro-travel-glass-shadow-black,high-end-vaporizers,125,,https://cdn.shopify.com/s/files/1/0319/5549/products/Black-Front_8eb95e91-85eb-4324-be96-83fa84ed183d.png?v=1631570964,"Take a trip. The Puffco Travel Glass is a patented Top for the Peak Pro and Peak that allows you to lock water inside the chamber by twisting the mouthpiece. Less spills, better portability, saves water. Dab on the go.",Puffco,true,10,,810028442641,,draft,,,,age-restricted,,,,,,21,Peak PRO Accessories,,,,,,,,,,
Peak Pro Travel Glass - Royal Blue,peak-pro-travel-glass-royal-blue,high-end-vaporizers,125,,https://cdn.shopify.com/s/files/1/0319/5549/products/Black-Front_8eb95e91-85eb-4324-be96-83fa84ed183d.png?v=1631570964,"Take a trip. The Puffco Travel Glass is a patented Top for the Peak Pro and Peak that allows you to lock water inside the chamber by twisting the mouthpiece. Less spills, better portability, saves water. Dab on the go.",Puffco,false,0,out-of-stock,810028442658,,draft,,,,age-restricted,,,,,,21,Peak PRO Accessories,,,,,,,,,,
Peak Pro Travel Glass - Pink Breast Cancer Awareness,peak-pro-travel-glass-pink-breast-cancer-awareness,high-end-vaporizers,125,,https://cdn.shopify.com/s/files/1/0319/5549/products/Black-Front_8eb95e91-85eb-4324-be96-83fa84ed183d.png?v=1631570964,"Take a trip. The Puffco Travel Glass is a patented Top for the Peak Pro and Peak that allows you to lock water inside the chamber by twisting the mouthpiece. Less spills, better portability, saves water. Dab on the go.",Puffco,false,0,out-of-stock,810028443020,,draft,,,,age-restricted,,,,,,21,Peak PRO Accessories,,,,,,,,,,
Peak Pro Travel Glass - Ultraviolet,peak-pro-travel-glass-ultraviolet,high-end-vaporizers,125,,https://cdn.shopify.com/s/files/1/0319/5549/products/Black-Front_8eb95e91-85eb-4324-be96-83fa84ed183d.png?v=1631570964,"Take a trip. The Puffco Travel Glass is a patented Top for the Peak Pro and Peak that allows you to lock water inside the chamber by twisting the mouthpiece. Less spills, better portability, saves water. Dab on the go.",Puffco,false,0,out-of-stock,810028442665,,draft,,,,age-restricted,,,,,,21,Peak PRO Accessories,,,,,,,,,,
Peak Pro Joystick Cap - Onyx,peak-pro-joystick-cap-onyx,high-end-vaporizers,40,,https://cdn.shopify.com/s/files/1/0319/5549/files/peakpro_joystick_0000_Onyx-Joystick-Cap.png?v=1698156620,"Never stuck. Less maintenance. Always fun. The Peak Pro Joystick Cap provides precise 360º directional airflow for more consistent heating, giving you bigger clouds and better flavor. Made of shatterproof stainless steel and silicone, the Joystick’s design is easy to clean and prevents reclaim from",Puffco,true,10,,810028445161,,draft,,,,age-restricted,,,,,,21,Peak PRO Accessories,,,,,,,,,,
Peak Pro Joystick Cap - Desert,peak-pro-joystick-cap-desert,high-end-vaporizers,40,,https://cdn.shopify.com/s/files/1/0319/5549/files/peakpro_joystick_0000_Onyx-Joystick-Cap.png?v=1698156620,"Never stuck. Less maintenance. Always fun. The Peak Pro Joystick Cap provides precise 360º directional airflow for more consistent heating, giving you bigger clouds and better flavor. Made of shatterproof stainless steel and silicone, the Joystick’s design is easy to clean and prevents reclaim from",Puffco,false,0,out-of-stock,810028446397,,draft,,,,age-restricted,,,,,,21,Peak PRO Accessories,,,,,,,,,,
Peak Pro Joystick Cap - Pearl,peak-pro-joystick-cap-pearl,high-end-vaporizers,40,,https://cdn.shopify.com/s/files/1/0319/5549/files/peakpro_joystick_0004_Pearl-Joystick-Cap.png?v=1698156620,"Never stuck. Less maintenance. Always fun. The Peak Pro Joystick Cap provides precise 360º directional airflow for more consistent heating, giving you bigger clouds and better flavor. Made of shatterproof stainless steel and silicone, the Joystick’s design is easy to clean and prevents reclaim from",Puffco,true,10,,810028445932,,draft,,,,age-restricted,,,,,,21,Peak PRO Accessories,,,,,,,,,,
Peak Joystick Cap + Tether - Cloud,peak-joystick-cap-tether-cloud,high-end-vaporizers,35,,https://cdn.shopify.com/s/files/1/0319/5549/files/chambernsticks_0005_joy3.png?v=1721264273,"Never stuck. Less maintenance. Always fun. The new Peak Joystick Cap provides precise 360º directional airflow for more consistent heating, giving you bigger clouds and better flavor. Made of shatterproof stainless steel and silicone, the Joystick’s design is easy to clean and prevents reclaim from",Puffco,false,0,out-of-stock,810028448322,,draft,,,,age-restricted,,,,,,21,Peak PRO Accessories,,,,,,,,,,
E-Gift Card - 25,e-gift-card-25,high-end-vaporizers,25,,https://cdn.shopify.com/s/files/1/0319/5549/files/giftcard2_shopready.png?v=1765309754,<span>Shopping for someone else but not sure what to give them? Give them the gift of choice with a Puffco gift card.</span> <span>Gift cards are delivered by email and contain instructions to redeem them at checkout. Our gift cards have no additional processing fees.</span>,Puffco,true,10,,GIFTCARD25,,draft,,,,age-restricted,,,,,,21,Gift Card,,,,,,,,,,
E-Gift Card - 50,e-gift-card-50,high-end-vaporizers,50,,https://cdn.shopify.com/s/files/1/0319/5549/files/giftcard2_shopready.png?v=1765309754,<span>Shopping for someone else but not sure what to give them? Give them the gift of choice with a Puffco gift card.</span> <span>Gift cards are delivered by email and contain instructions to redeem them at checkout. Our gift cards have no additional processing fees.</span>,Puffco,true,10,,GIFTCARD50,,draft,,,,age-restricted,,,,,,21,Gift Card,,,,,,,,,,
E-Gift Card - 100,e-gift-card-100,high-end-vaporizers,100,,https://cdn.shopify.com/s/files/1/0319/5549/files/giftcard2_shopready.png?v=1765309754,<span>Shopping for someone else but not sure what to give them? Give them the gift of choice with a Puffco gift card.</span> <span>Gift cards are delivered by email and contain instructions to redeem them at checkout. Our gift cards have no additional processing fees.</span>,Puffco,true,10,,GIFTCARD100,,draft,,,,age-restricted,,,,,,21,Gift Card,,,,,,,,,,
Proxy Travel Bag - Black,proxy-travel-bag-black,high-end-vaporizers,70,,https://cdn.shopify.com/s/files/1/0319/5549/products/proxybag_0005_Proxy-Bag---Black---Front.png?v=1764979720,"High fashion, high function. With a quick-access loading tray, hidden compartment, and 8 pockets, the Proxy Travel Bag lets you dab anywhere. Symmetrical design for righties and lefties. A fully adjustable strap that fits all bodies. 300d ripstop nylon for durability. Quilted padding to protect your",Puffco,true,10,,810028445055,,draft,,,,age-restricted,,,,,,21,Proxy Accessory,,,,,,,,,,
Proxy Travel Bag - Desert,proxy-travel-bag-desert,high-end-vaporizers,70,,https://cdn.shopify.com/s/files/1/0319/5549/products/proxybag_0000_Proxy-Bag---Desert---Front.png?v=1764979720,"High fashion, high function. With a quick-access loading tray, hidden compartment, and 8 pockets, the Proxy Travel Bag lets you dab anywhere. Symmetrical design for righties and lefties. A fully adjustable strap that fits all bodies. 300d ripstop nylon for durability. Quilted padding to protect your",Puffco,true,10,,810028445062,,draft,,,,age-restricted,,,,,,21,Proxy Accessory,,,,,,,,,,
Proxy Carb Cap with Tether,proxy-carb-cap-with-tether,high-end-vaporizers,25,,https://cdn.shopify.com/s/files/1/0319/5549/products/MainProxy_0006_tether_2bdb4ad8-382f-4621-b51f-f077d0573467.png?v=1676298819,"The Proxy Carb Cap &amp; Tether features a directional airpath that works in tandem with our 3D Chamber to increase vapor production. The press-fit connection locks into the Proxy chamber, keeping your extract where it belongs.",Puffco,true,10,,810028445444,,draft,,,,age-restricted,,,,,,21,Proxy Accessory,,,,,,,,,,
Plus Mouthpiece - Onyx,plus-mouthpiece-onyx,high-end-vaporizers,20,,https://cdn.shopify.com/s/files/1/0319/5549/files/black_lo_0005___mouthpiece_5d85acd8-4670-4992-b41d-611ff5d52f2c.png?v=1698106788,"<meta charset=""utf-8""><span class=""NormalTextRun SCXW149208875 BCX0"" data-mce-fragment=""1"">Dab on-the-go easier than ever. The Plus mouthpiece houses the Dart – our patented all-in-one loading tool, splash guard, and carb cap. Extend the Dart by pressing on the silicone top. Scoop your concentrate w",Puffco,false,0,out-of-stock,810028446540,,draft,,,,age-restricted,,,,,,21,Mouthpiece,,,,,,,,,,
Plus Mouthpiece - Pearl,plus-mouthpiece-pearl,high-end-vaporizers,20,,https://cdn.shopify.com/s/files/1/0319/5549/files/black_lo_0005___mouthpiece_5d85acd8-4670-4992-b41d-611ff5d52f2c.png?v=1698106788,"<meta charset=""utf-8""><span class=""NormalTextRun SCXW149208875 BCX0"" data-mce-fragment=""1"">Dab on-the-go easier than ever. The Plus mouthpiece houses the Dart – our patented all-in-one loading tool, splash guard, and carb cap. Extend the Dart by pressing on the silicone top. Scoop your concentrate w",Puffco,false,0,out-of-stock,810028446625,,draft,,,,age-restricted,,,,,,21,Mouthpiece,,,,,,,,,,
Plus Chamber - Onyx,plus-chamber-onyx,high-end-vaporizers,25,,https://cdn.shopify.com/s/files/1/0319/5549/files/black_lo_0004___chamber_1.png?v=1698162595,"<meta charset=""utf-8""> Where the magic happens. The Plus Chamber is made from ceramic for easy cleaning and cleaner vapor, no coils, glues, or fibers. Enjoy a discreet and flavorful experience anywhere you go. <p style=""color: gray; font-size: smaller;""><em> *Mouthpiece and Battery Not Included*</",Puffco,true,10,,810028446564,,draft,,,,age-restricted,,,,,,21,Coil,,,,,,,,,,
Stars Hat,stars-hat,high-end-vaporizers,40,,https://cdn.shopify.com/s/files/1/0319/5549/files/Puffco_HM25_Star-Hat_0001_Front_900x1200_1f0eca31-a4ae-41a3-a1b8-e465b7edb409.png?v=1765499906,"Six-star hash, six-star hat. Full melt magic. - 6 panel, low profile, unstructured - Buckle closure - 100% washed cotton - Pre-curved visor",Puffco,true,10,,850076734770,,draft,,,,age-restricted,,,,,,21,Merch,,,,,,,,,,
All Stars Hoodie - S,all-stars-hoodie-s,high-end-vaporizers,80,,https://cdn.shopify.com/s/files/1/0319/5549/files/Puffco_HM25_All-Star-Hoodie_0001_Front_900x1200_ecb44af0-dba9-4f1e-b8da-4f6b9308500d.png?v=1765499906,"NYC to LA. Putting on for the plant since 2013. - 13oz fabric - 70/30 cotton polyester blend - Double lined hood - Drop shoulder, relaxed box fit",Puffco,false,0,out-of-stock,810208270323,,draft,,,,age-restricted,,,,,,21,Merch,,,,,,,,,,
All Stars Hoodie - M,all-stars-hoodie-m,high-end-vaporizers,80,,https://cdn.shopify.com/s/files/1/0319/5549/files/Puffco_HM25_All-Star-Hoodie_0001_Front_900x1200_ecb44af0-dba9-4f1e-b8da-4f6b9308500d.png?v=1765499906,"NYC to LA. Putting on for the plant since 2013. - 13oz fabric - 70/30 cotton polyester blend - Double lined hood - Drop shoulder, relaxed box fit",Puffco,false,0,out-of-stock,810208270330,,draft,,,,age-restricted,,,,,,21,Merch,,,,,,,,,,
All Stars Hoodie - L,all-stars-hoodie-l,high-end-vaporizers,80,,https://cdn.shopify.com/s/files/1/0319/5549/files/Puffco_HM25_All-Star-Hoodie_0001_Front_900x1200_ecb44af0-dba9-4f1e-b8da-4f6b9308500d.png?v=1765499906,"NYC to LA. Putting on for the plant since 2013. - 13oz fabric - 70/30 cotton polyester blend - Double lined hood - Drop shoulder, relaxed box fit",Puffco,false,0,out-of-stock,810208270347,,draft,,,,age-restricted,,,,,,21,Merch,,,,,,,,,,
All Stars Hoodie - XL,all-stars-hoodie-xl,high-end-vaporizers,80,,https://cdn.shopify.com/s/files/1/0319/5549/files/Puffco_HM25_All-Star-Hoodie_0001_Front_900x1200_ecb44af0-dba9-4f1e-b8da-4f6b9308500d.png?v=1765499906,"NYC to LA. Putting on for the plant since 2013. - 13oz fabric - 70/30 cotton polyester blend - Double lined hood - Drop shoulder, relaxed box fit",Puffco,false,0,out-of-stock,810208270354,,draft,,,,age-restricted,,,,,,21,Merch,,,,,,,,,,
All Stars Hoodie - XXL,all-stars-hoodie-xxl,high-end-vaporizers,80,,https://cdn.shopify.com/s/files/1/0319/5549/files/Puffco_HM25_All-Star-Hoodie_0001_Front_900x1200_ecb44af0-dba9-4f1e-b8da-4f6b9308500d.png?v=1765499906,"NYC to LA. Putting on for the plant since 2013. - 13oz fabric - 70/30 cotton polyester blend - Double lined hood - Drop shoulder, relaxed box fit",Puffco,false,0,out-of-stock,810208270361,,draft,,,,age-restricted,,,,,,21,Merch,,,,,,,,,,
All Stars Hoodie - XXXL,all-stars-hoodie-xxxl,high-end-vaporizers,80,,https://cdn.shopify.com/s/files/1/0319/5549/files/Puffco_HM25_All-Star-Hoodie_0001_Front_900x1200_ecb44af0-dba9-4f1e-b8da-4f6b9308500d.png?v=1765499906,"NYC to LA. Putting on for the plant since 2013. - 13oz fabric - 70/30 cotton polyester blend - Double lined hood - Drop shoulder, relaxed box fit",Puffco,false,0,out-of-stock,810208270378,,draft,,,,age-restricted,,,,,,21,Merch,,,,,,,,,,
More Hash Hat,more-hash-hat,high-end-vaporizers,40,,https://cdn.shopify.com/s/files/1/0319/5549/files/Puffco_HM25_More-Hash-Camo-Hat_0001_Front_900x1200_cc8f701f-ab35-451d-ae45-ffc8a4a5e23b.png?v=1765499906,"Blend in. Stand out. More hash, please. - 6 panel, low profile, unstructured - Velcro closure - 100% polyester - Pre-curved visor",Puffco,false,0,out-of-stock,850076734763,,draft,,,,age-restricted,,,,,,21,Merch,,,,,,,,,,
Peak Keychain,peak-keychain,high-end-vaporizers,13,,https://cdn.shopify.com/s/files/1/0319/5549/files/Puffco_Peak_Merch_Peak-Keychain_900x1200_728cc242-ba8e-40cd-ae8f-7804223a4b90.png?v=1759359441,"The Puffco Peak Keychain is a compact and stylish accessory designed to keep your essentials secure. Made with durable materials, it features a sleek design that complements other Puffco products. Its lightweight build and attached clip make it easy to carry around, ensuring you have a functional ye",Puffco,true,10,,850002061772,,draft,,,,age-restricted,,,,,,21,Merch,,,,,,,,,,
Lanyard - Black Camo,lanyard-black-camo,high-end-vaporizers,5,,https://cdn.shopify.com/s/files/1/0319/5549/products/newlanyard1.png?v=1564525112,,Puffco,true,10,,810028440135,,draft,,,,age-restricted,,,,,,21,Merch,,,,,,,,,,
Lanyard - Tie-Dye,lanyard-tie-dye,high-end-vaporizers,5,,https://cdn.shopify.com/s/files/1/0319/5549/products/newlanyard2.png?v=1564525112,,Puffco,true,10,,810028440142,,draft,,,,age-restricted,,,,,,21,Merch,,,,,,,,,,
Puffco Daybreak Dice,puffco-daybreak-dice,high-end-vaporizers,25,,https://cdn.shopify.com/s/files/1/0319/5549/files/merch_0001_Daybreak_-Merch_-Dice_-In-Case_-Open_-Forward-Facing.png?v=1750723022,"Throw bones, pass hash. Limited Edition Daybreak inspired dice for all your gaming needs. - Six, 16mm resin dice - Red transparent color - 2.5 x 3-inch tin packaging with foam insert",Puffco,true,10,,850002061918,,draft,,,,age-restricted,,,,,,21,Accessory,,,,,,,,,,
Peak Pin,peak-pin,high-end-vaporizers,10,,https://cdn.shopify.com/s/files/1/0319/5549/files/Puffco_Peak_Merch_Peak-Pin_900x1200_7b3c6b33-2e9f-4e94-a14a-5ed43d9e8093.png?v=1759359751,,Puffco,false,0,out-of-stock,850002061628,,draft,,,,age-restricted,,,,,,21,Merch,,,,,,,,,,
Resurgence Shirt - S,resurgence-shirt-s,high-end-vaporizers,40,,https://cdn.shopify.com/s/files/1/0319/5549/files/Puffco_Merch_Resurgence_Tee_900x1200_13b70645-612e-4ab1-8ce0-915849d1ca45.png?v=1759359636,"It's a great shirt. At Puffco, we're always experimenting with new styles and designs bridging the familiar with the unexpected. This is one more addition to our collection. - Midweight high-quality fabric - 100% Ringspun Cotton",Puffco,true,10,,810028443150,,draft,,,,age-restricted,,,,,,21,Merch,,,,,,,,,,
Resurgence Shirt - M,resurgence-shirt-m,high-end-vaporizers,40,,https://cdn.shopify.com/s/files/1/0319/5549/files/Puffco_Merch_Resurgence_Tee_900x1200_13b70645-612e-4ab1-8ce0-915849d1ca45.png?v=1759359636,"It's a great shirt. At Puffco, we're always experimenting with new styles and designs bridging the familiar with the unexpected. This is one more addition to our collection. - Midweight high-quality fabric - 100% Ringspun Cotton",Puffco,true,10,,810028443167,,draft,,,,age-restricted,,,,,,21,Merch,,,,,,,,,,
Resurgence Shirt - L,resurgence-shirt-l,high-end-vaporizers,40,,https://cdn.shopify.com/s/files/1/0319/5549/files/Puffco_Merch_Resurgence_Tee_900x1200_13b70645-612e-4ab1-8ce0-915849d1ca45.png?v=1759359636,"It's a great shirt. At Puffco, we're always experimenting with new styles and designs bridging the familiar with the unexpected. This is one more addition to our collection. - Midweight high-quality fabric - 100% Ringspun Cotton",Puffco,true,10,,810028443174,,draft,,,,age-restricted,,,,,,21,Merch,,,,,,,,,,
Resurgence Shirt - XL,resurgence-shirt-xl,high-end-vaporizers,40,,https://cdn.shopify.com/s/files/1/0319/5549/files/Puffco_Merch_Resurgence_Tee_900x1200_13b70645-612e-4ab1-8ce0-915849d1ca45.png?v=1759359636,"It's a great shirt. At Puffco, we're always experimenting with new styles and designs bridging the familiar with the unexpected. This is one more addition to our collection. - Midweight high-quality fabric - 100% Ringspun Cotton",Puffco,false,0,out-of-stock,810028443181,,draft,,,,age-restricted,,,,,,21,Merch,,,,,,,,,,
Resurgence Shirt - XXL,resurgence-shirt-xxl,high-end-vaporizers,40,,https://cdn.shopify.com/s/files/1/0319/5549/files/Puffco_Merch_Resurgence_Tee_900x1200_13b70645-612e-4ab1-8ce0-915849d1ca45.png?v=1759359636,"It's a great shirt. At Puffco, we're always experimenting with new styles and designs bridging the familiar with the unexpected. This is one more addition to our collection. - Midweight high-quality fabric - 100% Ringspun Cotton",Puffco,false,0,out-of-stock,810028443198,,draft,,,,age-restricted,,,,,,21,Merch,,,,,,,,,,
Resurgence Shirt - XXXL,resurgence-shirt-xxxl,high-end-vaporizers,40,,https://cdn.shopify.com/s/files/1/0319/5549/files/Puffco_Merch_Resurgence_Tee_900x1200_13b70645-612e-4ab1-8ce0-915849d1ca45.png?v=1759359636,"It's a great shirt. At Puffco, we're always experimenting with new styles and designs bridging the familiar with the unexpected. This is one more addition to our collection. - Midweight high-quality fabric - 100% Ringspun Cotton",Puffco,false,0,out-of-stock,810028443204,,draft,,,,age-restricted,,,,,,21,Merch,,,,,,,,,,
Hash O'clock - White,hash-o-clock-white,high-end-vaporizers,50,,https://cdn.shopify.com/s/files/1/0319/5549/files/hash-clock-final_noBG.png?v=1701813757,Time flies when you're having hash.,Puffco,false,0,out-of-stock,810028443532,,draft,,,,age-restricted,,,,,,21,Accessory,,,,,,,,,,
Bicycle Day Shirt - S,bicycle-day-shirt-s,high-end-vaporizers,65,,https://cdn.shopify.com/s/files/1/0319/5549/files/bicycle_shirt_900x1200_904b7060-b911-48f6-9e5c-ee40e21d976f.png?v=1759871673,"If you know, you know. We made this shirt in celebration of Hofmanns historic ride, that opened a path for the rest of us to discover the magic of the world around and inside of us. Each shirt is hand dyed by <strong><a title=""Katyamoondyes"" href=""https://www.instagram.com/katyamoondyes/"" target=""_",Puffco,false,0,out-of-stock,810028443938,,draft,,,,age-restricted,,,,,,21,Merch,,,,,,,,,,
Bicycle Day Shirt - M,bicycle-day-shirt-m,high-end-vaporizers,65,,https://cdn.shopify.com/s/files/1/0319/5549/files/bicycle_shirt_900x1200_904b7060-b911-48f6-9e5c-ee40e21d976f.png?v=1759871673,"If you know, you know. We made this shirt in celebration of Hofmanns historic ride, that opened a path for the rest of us to discover the magic of the world around and inside of us. Each shirt is hand dyed by <strong><a title=""Katyamoondyes"" href=""https://www.instagram.com/katyamoondyes/"" target=""_",Puffco,false,0,out-of-stock,810028443945,,draft,,,,age-restricted,,,,,,21,Merch,,,,,,,,,,
Bicycle Day Shirt - L,bicycle-day-shirt-l,high-end-vaporizers,65,,https://cdn.shopify.com/s/files/1/0319/5549/files/bicycle_shirt_900x1200_904b7060-b911-48f6-9e5c-ee40e21d976f.png?v=1759871673,"If you know, you know. We made this shirt in celebration of Hofmanns historic ride, that opened a path for the rest of us to discover the magic of the world around and inside of us. Each shirt is hand dyed by <strong><a title=""Katyamoondyes"" href=""https://www.instagram.com/katyamoondyes/"" target=""_",Puffco,false,0,out-of-stock,810028443952,,draft,,,,age-restricted,,,,,,21,Merch,,,,,,,,,,
Bicycle Day Shirt - XL,bicycle-day-shirt-xl,high-end-vaporizers,65,,https://cdn.shopify.com/s/files/1/0319/5549/files/bicycle_shirt_900x1200_904b7060-b911-48f6-9e5c-ee40e21d976f.png?v=1759871673,"If you know, you know. We made this shirt in celebration of Hofmanns historic ride, that opened a path for the rest of us to discover the magic of the world around and inside of us. Each shirt is hand dyed by <strong><a title=""Katyamoondyes"" href=""https://www.instagram.com/katyamoondyes/"" target=""_",Puffco,false,0,out-of-stock,810028443969,,draft,,,,age-restricted,,,,,,21,Merch,,,,,,,,,,
Bicycle Day Shirt - XXL,bicycle-day-shirt-xxl,high-end-vaporizers,65,,https://cdn.shopify.com/s/files/1/0319/5549/files/bicycle_shirt_900x1200_904b7060-b911-48f6-9e5c-ee40e21d976f.png?v=1759871673,"If you know, you know. We made this shirt in celebration of Hofmanns historic ride, that opened a path for the rest of us to discover the magic of the world around and inside of us. Each shirt is hand dyed by <strong><a title=""Katyamoondyes"" href=""https://www.instagram.com/katyamoondyes/"" target=""_",Puffco,false,0,out-of-stock,810028443976,,draft,,,,age-restricted,,,,,,21,Merch,,,,,,,,,,
Bicycle Day Shirt - XXXL,bicycle-day-shirt-xxxl,high-end-vaporizers,65,,https://cdn.shopify.com/s/files/1/0319/5549/files/bicycle_shirt_900x1200_904b7060-b911-48f6-9e5c-ee40e21d976f.png?v=1759871673,"If you know, you know. We made this shirt in celebration of Hofmanns historic ride, that opened a path for the rest of us to discover the magic of the world around and inside of us. Each shirt is hand dyed by <strong><a title=""Katyamoondyes"" href=""https://www.instagram.com/katyamoondyes/"" target=""_",Puffco,false,0,out-of-stock,810028443983,,draft,,,,age-restricted,,,,,,21,Merch,,,,,,,,,,
Ceci n'est pas une pipe Shirt - S,ceci-n-est-pas-une-pipe-shirt-s,high-end-vaporizers,40,,https://cdn.shopify.com/s/files/1/0319/5549/files/Puffco_Merch_Not-a-pipe_Tee_900x1200_01042b46-69e9-4d06-9d61-6d8344763734.png?v=1759359871,Ceci n'est pas une pipe (This is not a pipe.) A rework of Rene Magritte’s classic painting “The Treachery of Images” 1929. His work challenged the conventions of language and visual representation with a poetic rebellious spirit. The Proxy shares a similar paradox in perspective being a pipe at fi,Puffco,false,0,out-of-stock,810028444386,,draft,,,,age-restricted,,,,,,21,Merch,,,,,,,,,,
Ceci n'est pas une pipe Shirt - M,ceci-n-est-pas-une-pipe-shirt-m,high-end-vaporizers,40,,https://cdn.shopify.com/s/files/1/0319/5549/files/Puffco_Merch_Not-a-pipe_Tee_900x1200_01042b46-69e9-4d06-9d61-6d8344763734.png?v=1759359871,Ceci n'est pas une pipe (This is not a pipe.) A rework of Rene Magritte’s classic painting “The Treachery of Images” 1929. His work challenged the conventions of language and visual representation with a poetic rebellious spirit. The Proxy shares a similar paradox in perspective being a pipe at fi,Puffco,false,0,out-of-stock,810028444393,,draft,,,,age-restricted,,,,,,21,Merch,,,,,,,,,,
Ceci n'est pas une pipe Shirt - L,ceci-n-est-pas-une-pipe-shirt-l,high-end-vaporizers,40,,https://cdn.shopify.com/s/files/1/0319/5549/files/Puffco_Merch_Not-a-pipe_Tee_900x1200_01042b46-69e9-4d06-9d61-6d8344763734.png?v=1759359871,Ceci n'est pas une pipe (This is not a pipe.) A rework of Rene Magritte’s classic painting “The Treachery of Images” 1929. His work challenged the conventions of language and visual representation with a poetic rebellious spirit. The Proxy shares a similar paradox in perspective being a pipe at fi,Puffco,false,0,out-of-stock,810028444409,,draft,,,,age-restricted,,,,,,21,Merch,,,,,,,,,,
Ceci n'est pas une pipe Shirt - XL,ceci-n-est-pas-une-pipe-shirt-xl,high-end-vaporizers,40,,https://cdn.shopify.com/s/files/1/0319/5549/files/Puffco_Merch_Not-a-pipe_Tee_900x1200_01042b46-69e9-4d06-9d61-6d8344763734.png?v=1759359871,Ceci n'est pas une pipe (This is not a pipe.) A rework of Rene Magritte’s classic painting “The Treachery of Images” 1929. His work challenged the conventions of language and visual representation with a poetic rebellious spirit. The Proxy shares a similar paradox in perspective being a pipe at fi,Puffco,false,0,out-of-stock,810028444416,,draft,,,,age-restricted,,,,,,21,Merch,,,,,,,,,,
Ceci n'est pas une pipe Shirt - XXL,ceci-n-est-pas-une-pipe-shirt-xxl,high-end-vaporizers,40,,https://cdn.shopify.com/s/files/1/0319/5549/files/Puffco_Merch_Not-a-pipe_Tee_900x1200_01042b46-69e9-4d06-9d61-6d8344763734.png?v=1759359871,Ceci n'est pas une pipe (This is not a pipe.) A rework of Rene Magritte’s classic painting “The Treachery of Images” 1929. His work challenged the conventions of language and visual representation with a poetic rebellious spirit. The Proxy shares a similar paradox in perspective being a pipe at fi,Puffco,false,0,out-of-stock,810028444423,,draft,,,,age-restricted,,,,,,21,Merch,,,,,,,,,,
Ceci n'est pas une pipe Shirt - XXXL,ceci-n-est-pas-une-pipe-shirt-xxxl,high-end-vaporizers,40,,https://cdn.shopify.com/s/files/1/0319/5549/files/Puffco_Merch_Not-a-pipe_Tee_900x1200_01042b46-69e9-4d06-9d61-6d8344763734.png?v=1759359871,Ceci n'est pas une pipe (This is not a pipe.) A rework of Rene Magritte’s classic painting “The Treachery of Images” 1929. His work challenged the conventions of language and visual representation with a poetic rebellious spirit. The Proxy shares a similar paradox in perspective being a pipe at fi,Puffco,false,0,out-of-stock,810028444430,,draft,,,,age-restricted,,,,,,21,Merch,,,,,,,,,,
Sweatsy Towel,sweatsy-towel,high-end-vaporizers,20,,https://cdn.shopify.com/s/files/1/0319/5549/files/Puffco_Merch_Sweatsy_Towel_900x1200_48829731-93f3-4422-b0cb-7f60d88d4328.png?v=1759359764,"It's more than just a towel, it's a life-saver when a big dab starts melting you. - Dimensions: 11X8 - 100% Terry Velour Cotton - Metal Clasp Included - Discharge Ink Imprint - Machine wash cold / dry flat",Puffco,false,0,out-of-stock,810028444447,,draft,,,,age-restricted,,,,,,21,Merch,,,,,,,,,,
Water Hash Sweater - S,water-hash-sweater-s,high-end-vaporizers,90,,https://cdn.shopify.com/s/files/1/0319/5549/files/Puffco_Merch_Water-Hash_Crewneck-Sweater_900x1200_71548b9b-9a52-4140-ac79-2e52750a9a3f.png?v=1759359658,"Love the process, love the plant. Hash is a Beautiful thing. - Long sleeve crewneck sweatshirt - Double ribbing side panels for stretch - Cross grain body panels limit shrinkage post-wash - 70/30 cotton/polyester blend 13.5 oz",Puffco,true,10,,810028445581,,draft,,,,age-restricted,,,,,,21,Merch,,,,,,,,,,
Water Hash Sweater - M,water-hash-sweater-m,high-end-vaporizers,90,,https://cdn.shopify.com/s/files/1/0319/5549/files/Puffco_Merch_Water-Hash_Crewneck-Sweater_900x1200_71548b9b-9a52-4140-ac79-2e52750a9a3f.png?v=1759359658,"Love the process, love the plant. Hash is a Beautiful thing. - Long sleeve crewneck sweatshirt - Double ribbing side panels for stretch - Cross grain body panels limit shrinkage post-wash - 70/30 cotton/polyester blend 13.5 oz",Puffco,false,0,out-of-stock,810028445598,,draft,,,,age-restricted,,,,,,21,Merch,,,,,,,,,,
Water Hash Sweater - L,water-hash-sweater-l,high-end-vaporizers,90,,https://cdn.shopify.com/s/files/1/0319/5549/files/Puffco_Merch_Water-Hash_Crewneck-Sweater_900x1200_71548b9b-9a52-4140-ac79-2e52750a9a3f.png?v=1759359658,"Love the process, love the plant. Hash is a Beautiful thing. - Long sleeve crewneck sweatshirt - Double ribbing side panels for stretch - Cross grain body panels limit shrinkage post-wash - 70/30 cotton/polyester blend 13.5 oz",Puffco,false,0,out-of-stock,810028445604,,draft,,,,age-restricted,,,,,,21,Merch,,,,,,,,,,
Water Hash Sweater - XL,water-hash-sweater-xl,high-end-vaporizers,90,,https://cdn.shopify.com/s/files/1/0319/5549/files/Puffco_Merch_Water-Hash_Crewneck-Sweater_900x1200_71548b9b-9a52-4140-ac79-2e52750a9a3f.png?v=1759359658,"Love the process, love the plant. Hash is a Beautiful thing. - Long sleeve crewneck sweatshirt - Double ribbing side panels for stretch - Cross grain body panels limit shrinkage post-wash - 70/30 cotton/polyester blend 13.5 oz",Puffco,false,0,out-of-stock,810028445611,,draft,,,,age-restricted,,,,,,21,Merch,,,,,,,,,,
Water Hash Sweater - XXL,water-hash-sweater-xxl,high-end-vaporizers,90,,https://cdn.shopify.com/s/files/1/0319/5549/files/Puffco_Merch_Water-Hash_Crewneck-Sweater_900x1200_71548b9b-9a52-4140-ac79-2e52750a9a3f.png?v=1759359658,"Love the process, love the plant. Hash is a Beautiful thing. - Long sleeve crewneck sweatshirt - Double ribbing side panels for stretch - Cross grain body panels limit shrinkage post-wash - 70/30 cotton/polyester blend 13.5 oz",Puffco,false,0,out-of-stock,810028445628,,draft,,,,age-restricted,,,,,,21,Merch,,,,,,,,,,
Water Hash Sweater - XXXL,water-hash-sweater-xxxl,high-end-vaporizers,90,,https://cdn.shopify.com/s/files/1/0319/5549/files/Puffco_Merch_Water-Hash_Crewneck-Sweater_900x1200_71548b9b-9a52-4140-ac79-2e52750a9a3f.png?v=1759359658,"Love the process, love the plant. Hash is a Beautiful thing. - Long sleeve crewneck sweatshirt - Double ribbing side panels for stretch - Cross grain body panels limit shrinkage post-wash - 70/30 cotton/polyester blend 13.5 oz",Puffco,false,0,out-of-stock,810028445635,,draft,,,,age-restricted,,,,,,21,Merch,,,,,,,,,,
Puffco Head Stash T-Shirt - S,puffco-head-stash-t-shirt-s,high-end-vaporizers,50,,https://cdn.shopify.com/s/files/1/0319/5549/files/Puffcon_Merch_Hash-Headstash_Tee_900x1200_9873144f-a9da-4cf5-9dfa-90078ee77fb6.png?v=1759359645,You know. The good stuff. - 6.1 oz. 100% ring-spun cotton - Soft ring-spun cotton fabric with 100% cotton threads - Topstitched rib collar - Relaxed fit,Puffco,false,0,out-of-stock,810028447363,,draft,,,,age-restricted,,,,,,21,Merch,,,,,,,,,,
Puffco Head Stash T-Shirt - M,puffco-head-stash-t-shirt-m,high-end-vaporizers,50,,https://cdn.shopify.com/s/files/1/0319/5549/files/Puffcon_Merch_Hash-Headstash_Tee_900x1200_9873144f-a9da-4cf5-9dfa-90078ee77fb6.png?v=1759359645,You know. The good stuff. - 6.1 oz. 100% ring-spun cotton - Soft ring-spun cotton fabric with 100% cotton threads - Topstitched rib collar - Relaxed fit,Puffco,false,0,out-of-stock,810028447370,,draft,,,,age-restricted,,,,,,21,Merch,,,,,,,,,,
Puffco Head Stash T-Shirt - L,puffco-head-stash-t-shirt-l,high-end-vaporizers,50,,https://cdn.shopify.com/s/files/1/0319/5549/files/Puffcon_Merch_Hash-Headstash_Tee_900x1200_9873144f-a9da-4cf5-9dfa-90078ee77fb6.png?v=1759359645,You know. The good stuff. - 6.1 oz. 100% ring-spun cotton - Soft ring-spun cotton fabric with 100% cotton threads - Topstitched rib collar - Relaxed fit,Puffco,false,0,out-of-stock,810028447387,,draft,,,,age-restricted,,,,,,21,Merch,,,,,,,,,,
Puffco Head Stash T-Shirt - XL,puffco-head-stash-t-shirt-xl,high-end-vaporizers,50,,https://cdn.shopify.com/s/files/1/0319/5549/files/Puffcon_Merch_Hash-Headstash_Tee_900x1200_9873144f-a9da-4cf5-9dfa-90078ee77fb6.png?v=1759359645,You know. The good stuff. - 6.1 oz. 100% ring-spun cotton - Soft ring-spun cotton fabric with 100% cotton threads - Topstitched rib collar - Relaxed fit,Puffco,false,0,out-of-stock,810028447394,,draft,,,,age-restricted,,,,,,21,Merch,,,,,,,,,,
Puffco Head Stash T-Shirt - XXL,puffco-head-stash-t-shirt-xxl,high-end-vaporizers,50,,https://cdn.shopify.com/s/files/1/0319/5549/files/Puffcon_Merch_Hash-Headstash_Tee_900x1200_9873144f-a9da-4cf5-9dfa-90078ee77fb6.png?v=1759359645,You know. The good stuff. - 6.1 oz. 100% ring-spun cotton - Soft ring-spun cotton fabric with 100% cotton threads - Topstitched rib collar - Relaxed fit,Puffco,false,0,out-of-stock,810028447400,,draft,,,,age-restricted,,,,,,21,Merch,,,,,,,,,,
Puffco Head Stash T-Shirt - XXXL,puffco-head-stash-t-shirt-xxxl,high-end-vaporizers,50,,https://cdn.shopify.com/s/files/1/0319/5549/files/Puffcon_Merch_Hash-Headstash_Tee_900x1200_9873144f-a9da-4cf5-9dfa-90078ee77fb6.png?v=1759359645,You know. The good stuff. - 6.1 oz. 100% ring-spun cotton - Soft ring-spun cotton fabric with 100% cotton threads - Topstitched rib collar - Relaxed fit,Puffco,false,0,out-of-stock,810028447417,,draft,,,,age-restricted,,,,,,21,Merch,,,,,,,,,,
Hash Tech T-Shirt - S,hash-tech-t-shirt-s,high-end-vaporizers,40,,https://cdn.shopify.com/s/files/1/0319/5549/files/Puffco_Merch_Contemporary_Tee_900x1200_f4053e4d-827d-44fe-9422-2b2584a779f5.png?v=1759359859,"What are you smoking? - Unisex - 6.5 oz 100% cotton - Garment-dyed - Oversized, size down for true-to-size fit. <p style=""color: gray; font-size: smaller;"">Amanda is 5’5” and wearing size Small. Jericho is 5’11” and wearing size Medium. Made in Los Angeles.",Puffco,false,0,out-of-stock,810028448971,,draft,,,,age-restricted,,,,,,21,Merch,,,,,,,,,,
Hash Tech T-Shirt - M,hash-tech-t-shirt-m,high-end-vaporizers,40,,https://cdn.shopify.com/s/files/1/0319/5549/files/Puffco_Merch_Contemporary_Tee_900x1200_f4053e4d-827d-44fe-9422-2b2584a779f5.png?v=1759359859,"What are you smoking? - Unisex - 6.5 oz 100% cotton - Garment-dyed - Oversized, size down for true-to-size fit. <p style=""color: gray; font-size: smaller;"">Amanda is 5’5” and wearing size Small. Jericho is 5’11” and wearing size Medium. Made in Los Angeles.",Puffco,false,0,out-of-stock,810028448988,,draft,,,,age-restricted,,,,,,21,Merch,,,,,,,,,,
Hash Tech T-Shirt - L,hash-tech-t-shirt-l,high-end-vaporizers,40,,https://cdn.shopify.com/s/files/1/0319/5549/files/Puffco_Merch_Contemporary_Tee_900x1200_f4053e4d-827d-44fe-9422-2b2584a779f5.png?v=1759359859,"What are you smoking? - Unisex - 6.5 oz 100% cotton - Garment-dyed - Oversized, size down for true-to-size fit. <p style=""color: gray; font-size: smaller;"">Amanda is 5’5” and wearing size Small. Jericho is 5’11” and wearing size Medium. Made in Los Angeles.",Puffco,false,0,out-of-stock,810028448995,,draft,,,,age-restricted,,,,,,21,Merch,,,,,,,,,,
Hash Tech T-Shirt - XL,hash-tech-t-shirt-xl,high-end-vaporizers,40,,https://cdn.shopify.com/s/files/1/0319/5549/files/Puffco_Merch_Contemporary_Tee_900x1200_f4053e4d-827d-44fe-9422-2b2584a779f5.png?v=1759359859,"What are you smoking? - Unisex - 6.5 oz 100% cotton - Garment-dyed - Oversized, size down for true-to-size fit. <p style=""color: gray; font-size: smaller;"">Amanda is 5’5” and wearing size Small. Jericho is 5’11” and wearing size Medium. Made in Los Angeles.",Puffco,true,10,,810028449008,,draft,,,,age-restricted,,,,,,21,Merch,,,,,,,,,,
Hash Tech T-Shirt - XXL,hash-tech-t-shirt-xxl,high-end-vaporizers,40,,https://cdn.shopify.com/s/files/1/0319/5549/files/Puffco_Merch_Contemporary_Tee_900x1200_f4053e4d-827d-44fe-9422-2b2584a779f5.png?v=1759359859,"What are you smoking? - Unisex - 6.5 oz 100% cotton - Garment-dyed - Oversized, size down for true-to-size fit. <p style=""color: gray; font-size: smaller;"">Amanda is 5’5” and wearing size Small. Jericho is 5’11” and wearing size Medium. Made in Los Angeles.",Puffco,true,10,,810028449015,,draft,,,,age-restricted,,,,,,21,Merch,,,,,,,,,,
Hash Tech T-Shirt - XXXL,hash-tech-t-shirt-xxxl,high-end-vaporizers,40,,https://cdn.shopify.com/s/files/1/0319/5549/files/Puffco_Merch_Contemporary_Tee_900x1200_f4053e4d-827d-44fe-9422-2b2584a779f5.png?v=1759359859,"What are you smoking? - Unisex - 6.5 oz 100% cotton - Garment-dyed - Oversized, size down for true-to-size fit. <p style=""color: gray; font-size: smaller;"">Amanda is 5’5” and wearing size Small. Jericho is 5’11” and wearing size Medium. Made in Los Angeles.",Puffco,true,10,,810028449022,,draft,,,,age-restricted,,,,,,21,Merch,,,,,,,,,,
Riding High T-Shirt - S,riding-high-t-shirt-s,high-end-vaporizers,50,,https://cdn.shopify.com/s/files/1/0319/5549/files/Puffco_Merch_Riding-High_Tee_900x1200_e33c3552-e763-4e6c-9672-3e611d0f2fc5.png?v=1759359463,"Save a horse, ride a Puffco. - Unisex - 6.5 oz 100% cotton - Garment-dyed - Oversized, size down for true-to-size fit. <p style=""color: gray; font-size: smaller;""> Jericho is 5’11” and wearing size Medium. Made in Los Angeles.",Puffco,false,0,out-of-stock,810028448919,,draft,,,,age-restricted,,,,,,21,Merch,,,,,,,,,,
Riding High T-Shirt - M,riding-high-t-shirt-m,high-end-vaporizers,50,,https://cdn.shopify.com/s/files/1/0319/5549/files/Puffco_Merch_Riding-High_Tee_900x1200_e33c3552-e763-4e6c-9672-3e611d0f2fc5.png?v=1759359463,"Save a horse, ride a Puffco. - Unisex - 6.5 oz 100% cotton - Garment-dyed - Oversized, size down for true-to-size fit. <p style=""color: gray; font-size: smaller;""> Jericho is 5’11” and wearing size Medium. Made in Los Angeles.",Puffco,false,0,out-of-stock,810028448926,,draft,,,,age-restricted,,,,,,21,Merch,,,,,,,,,,
Riding High T-Shirt - L,riding-high-t-shirt-l,high-end-vaporizers,50,,https://cdn.shopify.com/s/files/1/0319/5549/files/Puffco_Merch_Riding-High_Tee_900x1200_e33c3552-e763-4e6c-9672-3e611d0f2fc5.png?v=1759359463,"Save a horse, ride a Puffco. - Unisex - 6.5 oz 100% cotton - Garment-dyed - Oversized, size down for true-to-size fit. <p style=""color: gray; font-size: smaller;""> Jericho is 5’11” and wearing size Medium. Made in Los Angeles.",Puffco,false,0,out-of-stock,810028448933,,draft,,,,age-restricted,,,,,,21,Merch,,,,,,,,,,
Riding High T-Shirt - XL,riding-high-t-shirt-xl,high-end-vaporizers,50,,https://cdn.shopify.com/s/files/1/0319/5549/files/Puffco_Merch_Riding-High_Tee_900x1200_e33c3552-e763-4e6c-9672-3e611d0f2fc5.png?v=1759359463,"Save a horse, ride a Puffco. - Unisex - 6.5 oz 100% cotton - Garment-dyed - Oversized, size down for true-to-size fit. <p style=""color: gray; font-size: smaller;""> Jericho is 5’11” and wearing size Medium. Made in Los Angeles.",Puffco,false,0,out-of-stock,810028448940,,draft,,,,age-restricted,,,,,,21,Merch,,,,,,,,,,
Riding High T-Shirt - XXL,riding-high-t-shirt-xxl,high-end-vaporizers,50,,https://cdn.shopify.com/s/files/1/0319/5549/files/Puffco_Merch_Riding-High_Tee_900x1200_e33c3552-e763-4e6c-9672-3e611d0f2fc5.png?v=1759359463,"Save a horse, ride a Puffco. - Unisex - 6.5 oz 100% cotton - Garment-dyed - Oversized, size down for true-to-size fit. <p style=""color: gray; font-size: smaller;""> Jericho is 5’11” and wearing size Medium. Made in Los Angeles.",Puffco,false,0,out-of-stock,810028448957,,draft,,,,age-restricted,,,,,,21,Merch,,,,,,,,,,
Riding High T-Shirt - XXXL,riding-high-t-shirt-xxxl,high-end-vaporizers,50,,https://cdn.shopify.com/s/files/1/0319/5549/files/Puffco_Merch_Riding-High_Tee_900x1200_e33c3552-e763-4e6c-9672-3e611d0f2fc5.png?v=1759359463,"Save a horse, ride a Puffco. - Unisex - 6.5 oz 100% cotton - Garment-dyed - Oversized, size down for true-to-size fit. <p style=""color: gray; font-size: smaller;""> Jericho is 5’11” and wearing size Medium. Made in Los Angeles.",Puffco,false,0,out-of-stock,810028448964,,draft,,,,age-restricted,,,,,,21,Merch,,,,,,,,,,
Subway Dad Hat - Tan,subway-dad-hat-tan,high-end-vaporizers,40,,https://cdn.shopify.com/s/files/1/0319/5549/files/tan_subway_1.png?v=1764792457,The hash train is always on time. - Pure cotton pinwale corduroy - Soft crown - Curved brim - Adjustable strap with bronze clasp,Puffco,true,10,,810028449336,,draft,,,,age-restricted,,,,,,21,Merch,,,,,,,,,,
Subway Dad Hat - Black,subway-dad-hat-black,high-end-vaporizers,40,,https://cdn.shopify.com/s/files/1/0319/5549/files/Puffco_Merch_Subway-Dad_Hat_900x1200_02619f27-e587-4f25-b3a1-9dd3c5fef0b1.png?v=1764792457,The hash train is always on time. - Pure cotton pinwale corduroy - Soft crown - Curved brim - Adjustable strap with bronze clasp,Puffco,false,0,out-of-stock,810028449329,,draft,,,,age-restricted,,,,,,21,Merch,,,,,,,,,,
Rosin Club T-Shirt - S,rosin-club-t-shirt-s,high-end-vaporizers,50,,https://cdn.shopify.com/s/files/1/0319/5549/files/420_-Rosin-Club_-Tee_--Front.png?v=1744131484,"- Washed Denim Blue - Unisex - 7.5 oz 100% cotton - Garment-dyed - Oversized, size down for true-to-size fit.",Puffco,false,0,out-of-stock,850068033522,,draft,,,,age-restricted,,,,,,21,Merch,,,,,,,,,,
Rosin Club T-Shirt - M,rosin-club-t-shirt-m,high-end-vaporizers,50,,https://cdn.shopify.com/s/files/1/0319/5549/files/420_-Rosin-Club_-Tee_--Front.png?v=1744131484,"- Washed Denim Blue - Unisex - 7.5 oz 100% cotton - Garment-dyed - Oversized, size down for true-to-size fit.",Puffco,false,0,out-of-stock,850068033539,,draft,,,,age-restricted,,,,,,21,Merch,,,,,,,,,,
Rosin Club T-Shirt - L,rosin-club-t-shirt-l,high-end-vaporizers,50,,https://cdn.shopify.com/s/files/1/0319/5549/files/420_-Rosin-Club_-Tee_--Front.png?v=1744131484,"- Washed Denim Blue - Unisex - 7.5 oz 100% cotton - Garment-dyed - Oversized, size down for true-to-size fit.",Puffco,false,0,out-of-stock,850068033546,,draft,,,,age-restricted,,,,,,21,Merch,,,,,,,,,,
Rosin Club T-Shirt - XL,rosin-club-t-shirt-xl,high-end-vaporizers,50,,https://cdn.shopify.com/s/files/1/0319/5549/files/420_-Rosin-Club_-Tee_--Front.png?v=1744131484,"- Washed Denim Blue - Unisex - 7.5 oz 100% cotton - Garment-dyed - Oversized, size down for true-to-size fit.",Puffco,false,0,out-of-stock,850068033553,,draft,,,,age-restricted,,,,,,21,Merch,,,,,,,,,,
Rosin Club T-Shirt - XXL,rosin-club-t-shirt-xxl,high-end-vaporizers,50,,https://cdn.shopify.com/s/files/1/0319/5549/files/420_-Rosin-Club_-Tee_--Front.png?v=1744131484,"- Washed Denim Blue - Unisex - 7.5 oz 100% cotton - Garment-dyed - Oversized, size down for true-to-size fit.",Puffco,false,0,out-of-stock,850068033560,,draft,,,,age-restricted,,,,,,21,Merch,,,,,,,,,,
Rosin Club T-Shirt - XXXL,rosin-club-t-shirt-xxxl,high-end-vaporizers,50,,https://cdn.shopify.com/s/files/1/0319/5549/files/420_-Rosin-Club_-Tee_--Front.png?v=1744131484,"- Washed Denim Blue - Unisex - 7.5 oz 100% cotton - Garment-dyed - Oversized, size down for true-to-size fit.",Puffco,false,0,out-of-stock,850068033577,,draft,,,,age-restricted,,,,,,21,Merch,,,,,,,,,,
Daybreak T-Shirt - S,daybreak-t-shirt-s,high-end-vaporizers,50,,https://cdn.shopify.com/s/files/1/0319/5549/files/merch_0004_Daybreak_-Merch_-Tee_-Red_-Front.png?v=1749766586,"What you’d wear if you were taking a summer trip to Hash Mountain. Duo-tone graphic on front, Daybreak logo on back. - Dark Red - Unisex - 6.5 oz 100% cotton - Garment-dyed - Oversized, size down for true-to-size fit",Puffco,false,0,out-of-stock,850068033843,,draft,,,,age-restricted,,,,,,21,Merch,,,,,,,,,,
Daybreak T-Shirt - M,daybreak-t-shirt-m,high-end-vaporizers,50,,https://cdn.shopify.com/s/files/1/0319/5549/files/merch_0004_Daybreak_-Merch_-Tee_-Red_-Front.png?v=1749766586,"What you’d wear if you were taking a summer trip to Hash Mountain. Duo-tone graphic on front, Daybreak logo on back. - Dark Red - Unisex - 6.5 oz 100% cotton - Garment-dyed - Oversized, size down for true-to-size fit",Puffco,false,0,out-of-stock,850068033850,,draft,,,,age-restricted,,,,,,21,Merch,,,,,,,,,,
Daybreak T-Shirt - L,daybreak-t-shirt-l,high-end-vaporizers,50,,https://cdn.shopify.com/s/files/1/0319/5549/files/merch_0004_Daybreak_-Merch_-Tee_-Red_-Front.png?v=1749766586,"What you’d wear if you were taking a summer trip to Hash Mountain. Duo-tone graphic on front, Daybreak logo on back. - Dark Red - Unisex - 6.5 oz 100% cotton - Garment-dyed - Oversized, size down for true-to-size fit",Puffco,false,0,out-of-stock,850068033867,,draft,,,,age-restricted,,,,,,21,Merch,,,,,,,,,,
Daybreak T-Shirt - XL,daybreak-t-shirt-xl,high-end-vaporizers,50,,https://cdn.shopify.com/s/files/1/0319/5549/files/merch_0004_Daybreak_-Merch_-Tee_-Red_-Front.png?v=1749766586,"What you’d wear if you were taking a summer trip to Hash Mountain. Duo-tone graphic on front, Daybreak logo on back. - Dark Red - Unisex - 6.5 oz 100% cotton - Garment-dyed - Oversized, size down for true-to-size fit",Puffco,false,0,out-of-stock,850068033874,,draft,,,,age-restricted,,,,,,21,Merch,,,,,,,,,,
Daybreak T-Shirt - XXL,daybreak-t-shirt-xxl,high-end-vaporizers,50,,https://cdn.shopify.com/s/files/1/0319/5549/files/merch_0004_Daybreak_-Merch_-Tee_-Red_-Front.png?v=1749766586,"What you’d wear if you were taking a summer trip to Hash Mountain. Duo-tone graphic on front, Daybreak logo on back. - Dark Red - Unisex - 6.5 oz 100% cotton - Garment-dyed - Oversized, size down for true-to-size fit",Puffco,false,0,out-of-stock,850068033881,,draft,,,,age-restricted,,,,,,21,Merch,,,,,,,,,,
Daybreak Cropped Tank Top - S,daybreak-cropped-tank-top-s,high-end-vaporizers,35,,https://cdn.shopify.com/s/files/1/0319/5549/files/Daybreak_InteriorGallerycopy.png?v=1749848253,"Suns out, Daybreaks out. Single color Daybreak sun graphic on front, Puffco logo on back. Women's sizes. - Cropped 2x1 ribbed jersey tank top - 30 singles combed cotton - 100% shrink free cotton - Size up for looser fit",Puffco,false,0,out-of-stock,850068033904,,draft,,,,age-restricted,,,,,,21,Merch,,,,,,,,,,
Daybreak Cropped Tank Top - M,daybreak-cropped-tank-top-m,high-end-vaporizers,35,,https://cdn.shopify.com/s/files/1/0319/5549/files/Daybreak_InteriorGallerycopy.png?v=1749848253,"Suns out, Daybreaks out. Single color Daybreak sun graphic on front, Puffco logo on back. Women's sizes. - Cropped 2x1 ribbed jersey tank top - 30 singles combed cotton - 100% shrink free cotton - Size up for looser fit",Puffco,false,0,out-of-stock,850068033911,,draft,,,,age-restricted,,,,,,21,Merch,,,,,,,,,,
Daybreak Cropped Tank Top - L,daybreak-cropped-tank-top-l,high-end-vaporizers,35,,https://cdn.shopify.com/s/files/1/0319/5549/files/Daybreak_InteriorGallerycopy.png?v=1749848253,"Suns out, Daybreaks out. Single color Daybreak sun graphic on front, Puffco logo on back. Women's sizes. - Cropped 2x1 ribbed jersey tank top - 30 singles combed cotton - 100% shrink free cotton - Size up for looser fit",Puffco,false,0,out-of-stock,850068033928,,draft,,,,age-restricted,,,,,,21,Merch,,,,,,,,,,
Daybreak Cropped Tank Top - XL,daybreak-cropped-tank-top-xl,high-end-vaporizers,35,,https://cdn.shopify.com/s/files/1/0319/5549/files/Daybreak_InteriorGallerycopy.png?v=1749848253,"Suns out, Daybreaks out. Single color Daybreak sun graphic on front, Puffco logo on back. Women's sizes. - Cropped 2x1 ribbed jersey tank top - 30 singles combed cotton - 100% shrink free cotton - Size up for looser fit",Puffco,false,0,out-of-stock,850068033935,,draft,,,,age-restricted,,,,,,21,Merch,,,,,,,,,,
Always Evolving Shirt - S,always-evolving-shirt-s,high-end-vaporizers,40,,https://cdn.shopify.com/s/files/1/0319/5549/files/evolving_shirt_900x1200_db1156c4-0f30-4e89-bda0-d2e773e857ed.png?v=1759871591,"Technology, mind, and spirit in a constant state of growth. - If you're between sizes - size up. - Midweight high-quality fabric - 100% Ringspun Cotton",Puffco,false,0,out-of-stock,810028444485,,draft,,,,age-restricted,,,,,,21,Merch,,,,,,,,,,
Always Evolving Shirt - M,always-evolving-shirt-m,high-end-vaporizers,40,,https://cdn.shopify.com/s/files/1/0319/5549/files/evolving_shirt_900x1200_db1156c4-0f30-4e89-bda0-d2e773e857ed.png?v=1759871591,"Technology, mind, and spirit in a constant state of growth. - If you're between sizes - size up. - Midweight high-quality fabric - 100% Ringspun Cotton",Puffco,false,0,out-of-stock,810028444492,,draft,,,,age-restricted,,,,,,21,Merch,,,,,,,,,,
Always Evolving Shirt - L,always-evolving-shirt-l,high-end-vaporizers,40,,https://cdn.shopify.com/s/files/1/0319/5549/files/evolving_shirt_900x1200_db1156c4-0f30-4e89-bda0-d2e773e857ed.png?v=1759871591,"Technology, mind, and spirit in a constant state of growth. - If you're between sizes - size up. - Midweight high-quality fabric - 100% Ringspun Cotton",Puffco,false,0,out-of-stock,810028444508,,draft,,,,age-restricted,,,,,,21,Merch,,,,,,,,,,
Always Evolving Shirt - XL,always-evolving-shirt-xl,high-end-vaporizers,40,,https://cdn.shopify.com/s/files/1/0319/5549/files/evolving_shirt_900x1200_db1156c4-0f30-4e89-bda0-d2e773e857ed.png?v=1759871591,"Technology, mind, and spirit in a constant state of growth. - If you're between sizes - size up. - Midweight high-quality fabric - 100% Ringspun Cotton",Puffco,false,0,out-of-stock,810028444515,,draft,,,,age-restricted,,,,,,21,Merch,,,,,,,,,,
Always Evolving Shirt - XXL,always-evolving-shirt-xxl,high-end-vaporizers,40,,https://cdn.shopify.com/s/files/1/0319/5549/files/evolving_shirt_900x1200_db1156c4-0f30-4e89-bda0-d2e773e857ed.png?v=1759871591,"Technology, mind, and spirit in a constant state of growth. - If you're between sizes - size up. - Midweight high-quality fabric - 100% Ringspun Cotton",Puffco,false,0,out-of-stock,810028444522,,draft,,,,age-restricted,,,,,,21,Merch,,,,,,,,,,
Always Evolving Shirt - XXXL,always-evolving-shirt-xxxl,high-end-vaporizers,40,,https://cdn.shopify.com/s/files/1/0319/5549/files/evolving_shirt_900x1200_db1156c4-0f30-4e89-bda0-d2e773e857ed.png?v=1759871591,"Technology, mind, and spirit in a constant state of growth. - If you're between sizes - size up. - Midweight high-quality fabric - 100% Ringspun Cotton",Puffco,false,0,out-of-stock,810028444539,,draft,,,,age-restricted,,,,,,21,Merch,,,,,,,,,,
Puffco Metal Hat - Black,puffco-metal-hat-black,high-end-vaporizers,40,,https://cdn.shopify.com/s/files/1/0319/5549/files/pfcnmerch_0006_Layer-Comp-7_0a4d03e0-7dc9-4404-b813-98dc7c398cbb.png?v=1762469061,"Hash is metal.<br data-mce-fragment=""1""><br data-mce-fragment=""1"">- 100% cotton chino twill <br data-mce-fragment=""1"">- Unstructured six-panel <br data-mce-fragment=""1"">- Permacurv® visor <br data-mce-fragment=""1"">- Buckle closure with grommet",Puffco,false,0,out-of-stock,810028447288,,draft,,,,age-restricted,,,,,,21,Merch,,,,,,,,,,
Puffco Metal Hat - Light Blue,puffco-metal-hat-light-blue,high-end-vaporizers,35,,https://cdn.shopify.com/s/files/1/0319/5549/files/pfcnmerch_0006_Layer-Comp-7_0a4d03e0-7dc9-4404-b813-98dc7c398cbb.png?v=1762469061,"Hash is metal.<br data-mce-fragment=""1""><br data-mce-fragment=""1"">- 100% cotton chino twill <br data-mce-fragment=""1"">- Unstructured six-panel <br data-mce-fragment=""1"">- Permacurv® visor <br data-mce-fragment=""1"">- Buckle closure with grommet",Puffco,false,0,out-of-stock,810028447295,,draft,,,,age-restricted,,,,,,21,Merch,,,,,,,,,,
Puffco Head Stash Crewneck - S,puffco-head-stash-crewneck-s,high-end-vaporizers,90,,https://cdn.shopify.com/s/files/1/0319/5549/files/hashheads_crewneck_900x1200_c8699a63-4941-4739-baa3-f0c09095968a.png?v=1759871573,"Stay warm when you’re grabbing the good stuff. <br data-mce-fragment=""1""><br data-mce-fragment=""1"">- Long sleeve crewneck sweatshirt <br data-mce-fragment=""1"">- Double ribbing side panels for stretch <br data-mce-fragment=""1"">- Cross grain body panels limit shrinkage post-wash <br data-mce-fragment=",Puffco,false,0,out-of-stock,810028447547,,draft,,,,age-restricted,,,,,,21,Merch,,,,,,,,,,
Puffco Head Stash Crewneck - M,puffco-head-stash-crewneck-m,high-end-vaporizers,90,,https://cdn.shopify.com/s/files/1/0319/5549/files/hashheads_crewneck_900x1200_c8699a63-4941-4739-baa3-f0c09095968a.png?v=1759871573,"Stay warm when you’re grabbing the good stuff. <br data-mce-fragment=""1""><br data-mce-fragment=""1"">- Long sleeve crewneck sweatshirt <br data-mce-fragment=""1"">- Double ribbing side panels for stretch <br data-mce-fragment=""1"">- Cross grain body panels limit shrinkage post-wash <br data-mce-fragment=",Puffco,false,0,out-of-stock,810028447554,,draft,,,,age-restricted,,,,,,21,Merch,,,,,,,,,,
Puffco Head Stash Crewneck - L,puffco-head-stash-crewneck-l,high-end-vaporizers,90,,https://cdn.shopify.com/s/files/1/0319/5549/files/hashheads_crewneck_900x1200_c8699a63-4941-4739-baa3-f0c09095968a.png?v=1759871573,"Stay warm when you’re grabbing the good stuff. <br data-mce-fragment=""1""><br data-mce-fragment=""1"">- Long sleeve crewneck sweatshirt <br data-mce-fragment=""1"">- Double ribbing side panels for stretch <br data-mce-fragment=""1"">- Cross grain body panels limit shrinkage post-wash <br data-mce-fragment=",Puffco,false,0,out-of-stock,810028447561,,draft,,,,age-restricted,,,,,,21,Merch,,,,,,,,,,
Puffco Head Stash Crewneck - XL,puffco-head-stash-crewneck-xl,high-end-vaporizers,90,,https://cdn.shopify.com/s/files/1/0319/5549/files/hashheads_crewneck_900x1200_c8699a63-4941-4739-baa3-f0c09095968a.png?v=1759871573,"Stay warm when you’re grabbing the good stuff. <br data-mce-fragment=""1""><br data-mce-fragment=""1"">- Long sleeve crewneck sweatshirt <br data-mce-fragment=""1"">- Double ribbing side panels for stretch <br data-mce-fragment=""1"">- Cross grain body panels limit shrinkage post-wash <br data-mce-fragment=",Puffco,false,0,out-of-stock,810028447578,,draft,,,,age-restricted,,,,,,21,Merch,,,,,,,,,,
Puffco Head Stash Crewneck - XXL,puffco-head-stash-crewneck-xxl,high-end-vaporizers,90,,https://cdn.shopify.com/s/files/1/0319/5549/files/hashheads_crewneck_900x1200_c8699a63-4941-4739-baa3-f0c09095968a.png?v=1759871573,"Stay warm when you’re grabbing the good stuff. <br data-mce-fragment=""1""><br data-mce-fragment=""1"">- Long sleeve crewneck sweatshirt <br data-mce-fragment=""1"">- Double ribbing side panels for stretch <br data-mce-fragment=""1"">- Cross grain body panels limit shrinkage post-wash <br data-mce-fragment=",Puffco,false,0,out-of-stock,810028447585,,draft,,,,age-restricted,,,,,,21,Merch,,,,,,,,,,
Puffco Head Stash Crewneck - XXXL,puffco-head-stash-crewneck-xxxl,high-end-vaporizers,90,,https://cdn.shopify.com/s/files/1/0319/5549/files/hashheads_crewneck_900x1200_c8699a63-4941-4739-baa3-f0c09095968a.png?v=1759871573,"Stay warm when you’re grabbing the good stuff. <br data-mce-fragment=""1""><br data-mce-fragment=""1"">- Long sleeve crewneck sweatshirt <br data-mce-fragment=""1"">- Double ribbing side panels for stretch <br data-mce-fragment=""1"">- Cross grain body panels limit shrinkage post-wash <br data-mce-fragment=",Puffco,false,0,out-of-stock,810028447592,,draft,,,,age-restricted,,,,,,21,Merch,,,,,,,,,,
Donde Esta El Hash Hat,donde-esta-el-hash-hat,high-end-vaporizers,35,,https://cdn.shopify.com/s/files/1/0319/5549/files/Puffco_Merch_Donde-Esta-el-Hash_Hat_900x1200_0a8d48eb-d23f-45c9-b382-4d617577edd6.png?v=1759359797,"Siempre buscando lo mejor. No importa a dónde vamos, queremos ver brillar la planta. <br data-mce-fragment=""1"">- 100% Ecowash cotton twill<br data-mce-fragment=""1"">- Unstructured six panel, lowprofile<br data-mce-fragment=""1"">- Permacurv® visor<br data-mce-fragment=""1"">- Triglide buckle for easier a",Puffco,false,0,out-of-stock,10810028448411,,draft,,,,age-restricted,,,,,,21,Merch,,,,,,,,,,
Professional Hash Smoker Hat,professional-hash-smoker-hat,high-end-vaporizers,40,,https://cdn.shopify.com/s/files/1/0319/5549/files/Puffco_Merch_Professional_Hat_900x1200_feb927c6-749c-47eb-8c85-36bd69621503.png?v=1759359818,"You either are, or you aren’t. - 100% cotton chino twill - Unstructured six-panel - Permacurv® visor - Adjustable buckle closure with grommet",Puffco,false,0,out-of-stock,810028449039,,draft,,,,age-restricted,,,,,,21,Merch,,,,,,,,,,
What a Time to be Alive Shirt - S,what-a-time-to-be-alive-shirt-s,high-end-vaporizers,40,,https://cdn.shopify.com/s/files/1/0319/5549/files/Puffco_Merch_Zombie-Juice_Tee_900x1200_f5b61adf-35e2-4510-b867-b0efa377bb79.png?v=1759359776,"If not now, then when? Speak hash to power. Feat. Juice from Flatbush Zombies. - Unisex - 6.5 oz 100% cotton - Garment-dyed - Oversized, size down for true-to-size fit. <p style=""color: gray; font-size: smaller;""> Jericho is 5’11” and wearing size Medium. Made in Los Angeles.",Puffco,false,0,out-of-stock,810028448858,,draft,,,,age-restricted,,,,,,21,Merch,,,,,,,,,,
What a Time to be Alive Shirt - M,what-a-time-to-be-alive-shirt-m,high-end-vaporizers,40,,https://cdn.shopify.com/s/files/1/0319/5549/files/Puffco_Merch_Zombie-Juice_Tee_900x1200_f5b61adf-35e2-4510-b867-b0efa377bb79.png?v=1759359776,"If not now, then when? Speak hash to power. Feat. Juice from Flatbush Zombies. - Unisex - 6.5 oz 100% cotton - Garment-dyed - Oversized, size down for true-to-size fit. <p style=""color: gray; font-size: smaller;""> Jericho is 5’11” and wearing size Medium. Made in Los Angeles.",Puffco,false,0,out-of-stock,810028448865,,draft,,,,age-restricted,,,,,,21,Merch,,,,,,,,,,
What a Time to be Alive Shirt - L,what-a-time-to-be-alive-shirt-l,high-end-vaporizers,40,,https://cdn.shopify.com/s/files/1/0319/5549/files/Puffco_Merch_Zombie-Juice_Tee_900x1200_f5b61adf-35e2-4510-b867-b0efa377bb79.png?v=1759359776,"If not now, then when? Speak hash to power. Feat. Juice from Flatbush Zombies. - Unisex - 6.5 oz 100% cotton - Garment-dyed - Oversized, size down for true-to-size fit. <p style=""color: gray; font-size: smaller;""> Jericho is 5’11” and wearing size Medium. Made in Los Angeles.",Puffco,false,0,out-of-stock,810028448872,,draft,,,,age-restricted,,,,,,21,Merch,,,,,,,,,,
What a Time to be Alive Shirt - XL,what-a-time-to-be-alive-shirt-xl,high-end-vaporizers,40,,https://cdn.shopify.com/s/files/1/0319/5549/files/Puffco_Merch_Zombie-Juice_Tee_900x1200_f5b61adf-35e2-4510-b867-b0efa377bb79.png?v=1759359776,"If not now, then when? Speak hash to power. Feat. Juice from Flatbush Zombies. - Unisex - 6.5 oz 100% cotton - Garment-dyed - Oversized, size down for true-to-size fit. <p style=""color: gray; font-size: smaller;""> Jericho is 5’11” and wearing size Medium. Made in Los Angeles.",Puffco,false,0,out-of-stock,810028448889,,draft,,,,age-restricted,,,,,,21,Merch,,,,,,,,,,
What a Time to be Alive Shirt - XXL,what-a-time-to-be-alive-shirt-xxl,high-end-vaporizers,40,,https://cdn.shopify.com/s/files/1/0319/5549/files/Puffco_Merch_Zombie-Juice_Tee_900x1200_f5b61adf-35e2-4510-b867-b0efa377bb79.png?v=1759359776,"If not now, then when? Speak hash to power. Feat. Juice from Flatbush Zombies. - Unisex - 6.5 oz 100% cotton - Garment-dyed - Oversized, size down for true-to-size fit. <p style=""color: gray; font-size: smaller;""> Jericho is 5’11” and wearing size Medium. Made in Los Angeles.",Puffco,false,0,out-of-stock,810028448896,,draft,,,,age-restricted,,,,,,21,Merch,,,,,,,,,,
What a Time to be Alive Shirt - XXXL,what-a-time-to-be-alive-shirt-xxxl,high-end-vaporizers,40,,https://cdn.shopify.com/s/files/1/0319/5549/files/Puffco_Merch_Zombie-Juice_Tee_900x1200_f5b61adf-35e2-4510-b867-b0efa377bb79.png?v=1759359776,"If not now, then when? Speak hash to power. Feat. Juice from Flatbush Zombies. - Unisex - 6.5 oz 100% cotton - Garment-dyed - Oversized, size down for true-to-size fit. <p style=""color: gray; font-size: smaller;""> Jericho is 5’11” and wearing size Medium. Made in Los Angeles.",Puffco,false,0,out-of-stock,810028448902,,draft,,,,age-restricted,,,,,,21,Merch,,,,,,,,,,
Puffco Globlin Crewneck - S,puffco-globlin-crewneck-s,high-end-vaporizers,80,,https://cdn.shopify.com/s/files/1/0319/5549/files/Puffcon_2024_Merch_Globlin_Crewneck-Sweater_900x1200_11a50956-150c-45e9-8dc5-9ac5a594975c.png?v=1759359376,Certified goblin goals. - Long sleeve crewneck sweatshirt - 1x1 ribbing at cuffs and waistband - 70/30 ringspun cotton/polyester/fleece blend 10 oz,Puffco,false,0,out-of-stock,810028449381,,draft,,,,age-restricted,,,,,,21,Merch,,,,,,,,,,
Puffco Globlin Crewneck - M,puffco-globlin-crewneck-m,high-end-vaporizers,80,,https://cdn.shopify.com/s/files/1/0319/5549/files/Puffcon_2024_Merch_Globlin_Crewneck-Sweater_900x1200_11a50956-150c-45e9-8dc5-9ac5a594975c.png?v=1759359376,Certified goblin goals. - Long sleeve crewneck sweatshirt - 1x1 ribbing at cuffs and waistband - 70/30 ringspun cotton/polyester/fleece blend 10 oz,Puffco,false,0,out-of-stock,810028449398,,draft,,,,age-restricted,,,,,,21,Merch,,,,,,,,,,
Puffco Globlin Crewneck - L,puffco-globlin-crewneck-l,high-end-vaporizers,80,,https://cdn.shopify.com/s/files/1/0319/5549/files/Puffcon_2024_Merch_Globlin_Crewneck-Sweater_900x1200_11a50956-150c-45e9-8dc5-9ac5a594975c.png?v=1759359376,Certified goblin goals. - Long sleeve crewneck sweatshirt - 1x1 ribbing at cuffs and waistband - 70/30 ringspun cotton/polyester/fleece blend 10 oz,Puffco,false,0,out-of-stock,810028449404,,draft,,,,age-restricted,,,,,,21,Merch,,,,,,,,,,
Puffco Globlin Crewneck - XL,puffco-globlin-crewneck-xl,high-end-vaporizers,80,,https://cdn.shopify.com/s/files/1/0319/5549/files/Puffcon_2024_Merch_Globlin_Crewneck-Sweater_900x1200_11a50956-150c-45e9-8dc5-9ac5a594975c.png?v=1759359376,Certified goblin goals. - Long sleeve crewneck sweatshirt - 1x1 ribbing at cuffs and waistband - 70/30 ringspun cotton/polyester/fleece blend 10 oz,Puffco,false,0,out-of-stock,810028449411,,draft,,,,age-restricted,,,,,,21,Merch,,,,,,,,,,
Puffco Globlin Crewneck - XXL,puffco-globlin-crewneck-xxl,high-end-vaporizers,80,,https://cdn.shopify.com/s/files/1/0319/5549/files/Puffcon_2024_Merch_Globlin_Crewneck-Sweater_900x1200_11a50956-150c-45e9-8dc5-9ac5a594975c.png?v=1759359376,Certified goblin goals. - Long sleeve crewneck sweatshirt - 1x1 ribbing at cuffs and waistband - 70/30 ringspun cotton/polyester/fleece blend 10 oz,Puffco,false,0,out-of-stock,810028449428,,draft,,,,age-restricted,,,,,,21,Merch,,,,,,,,,,
Puffco Globlin Crewneck - XXXL,puffco-globlin-crewneck-xxxl,high-end-vaporizers,80,,https://cdn.shopify.com/s/files/1/0319/5549/files/Puffcon_2024_Merch_Globlin_Crewneck-Sweater_900x1200_11a50956-150c-45e9-8dc5-9ac5a594975c.png?v=1759359376,Certified goblin goals. - Long sleeve crewneck sweatshirt - 1x1 ribbing at cuffs and waistband - 70/30 ringspun cotton/polyester/fleece blend 10 oz,Puffco,false,0,out-of-stock,810028449435,,draft,,,,age-restricted,,,,,,21,Merch,,,,,,,,,,
Hash Solutions Long Sleeve - S,hash-solutions-long-sleeve-s,high-end-vaporizers,70,,https://cdn.shopify.com/s/files/1/0319/5549/files/wntrmerch_0000_Shirt-Front.png?v=1734386247,"<strong>100% of the sales from this long sleeve are going to these charities to support the LA Wildfire relief effort.</strong> • <a style=""color: blue; text-decoration: underline;"" href=""https://www.lafoodbank.org/fire"">LA Regional Foodbank</a> • <a style=""color: blue; text-decoration: underline;""",Puffco,false,0,out-of-stock,850068033300,,draft,,,,age-restricted,,,,,,21,Merch,,,,,,,,,,
Hash Solutions Long Sleeve - M,hash-solutions-long-sleeve-m,high-end-vaporizers,70,,https://cdn.shopify.com/s/files/1/0319/5549/files/wntrmerch_0000_Shirt-Front.png?v=1734386247,"<strong>100% of the sales from this long sleeve are going to these charities to support the LA Wildfire relief effort.</strong> • <a style=""color: blue; text-decoration: underline;"" href=""https://www.lafoodbank.org/fire"">LA Regional Foodbank</a> • <a style=""color: blue; text-decoration: underline;""",Puffco,false,0,out-of-stock,850068033317,,draft,,,,age-restricted,,,,,,21,Merch,,,,,,,,,,
Hash Solutions Long Sleeve - L,hash-solutions-long-sleeve-l,high-end-vaporizers,70,,https://cdn.shopify.com/s/files/1/0319/5549/files/wntrmerch_0000_Shirt-Front.png?v=1734386247,"<strong>100% of the sales from this long sleeve are going to these charities to support the LA Wildfire relief effort.</strong> • <a style=""color: blue; text-decoration: underline;"" href=""https://www.lafoodbank.org/fire"">LA Regional Foodbank</a> • <a style=""color: blue; text-decoration: underline;""",Puffco,false,0,out-of-stock,850068033324,,draft,,,,age-restricted,,,,,,21,Merch,,,,,,,,,,
Hash Solutions Long Sleeve - XL,hash-solutions-long-sleeve-xl,high-end-vaporizers,70,,https://cdn.shopify.com/s/files/1/0319/5549/files/wntrmerch_0000_Shirt-Front.png?v=1734386247,"<strong>100% of the sales from this long sleeve are going to these charities to support the LA Wildfire relief effort.</strong> • <a style=""color: blue; text-decoration: underline;"" href=""https://www.lafoodbank.org/fire"">LA Regional Foodbank</a> • <a style=""color: blue; text-decoration: underline;""",Puffco,false,0,out-of-stock,850068033331,,draft,,,,age-restricted,,,,,,21,Merch,,,,,,,,,,
Hash Solutions Long Sleeve - XXL,hash-solutions-long-sleeve-xxl,high-end-vaporizers,70,,https://cdn.shopify.com/s/files/1/0319/5549/files/wntrmerch_0000_Shirt-Front.png?v=1734386247,"<strong>100% of the sales from this long sleeve are going to these charities to support the LA Wildfire relief effort.</strong> • <a style=""color: blue; text-decoration: underline;"" href=""https://www.lafoodbank.org/fire"">LA Regional Foodbank</a> • <a style=""color: blue; text-decoration: underline;""",Puffco,false,0,out-of-stock,850068033348,,draft,,,,age-restricted,,,,,,21,Merch,,,,,,,,,,
Hash Solutions Long Sleeve - XXXL,hash-solutions-long-sleeve-xxxl,high-end-vaporizers,70,,https://cdn.shopify.com/s/files/1/0319/5549/files/wntrmerch_0000_Shirt-Front.png?v=1734386247,"<strong>100% of the sales from this long sleeve are going to these charities to support the LA Wildfire relief effort.</strong> • <a style=""color: blue; text-decoration: underline;"" href=""https://www.lafoodbank.org/fire"">LA Regional Foodbank</a> • <a style=""color: blue; text-decoration: underline;""",Puffco,false,0,out-of-stock,850068033355,,draft,,,,age-restricted,,,,,,21,Merch,,,,,,,,,,
Puffco Brand Beanie,puffco-brand-beanie,high-end-vaporizers,40,,https://cdn.shopify.com/s/files/1/0319/5549/files/wntrmerch_0004_beanie-first.png?v=1734386270,"<strong>100% of the sales from this beanie are going to these charities to support the LA Wildfire relief effort.</strong> • <a href=""https://www.lafoodbank.org/fire"" style=""color: blue; text-decoration: underline;"">LA Regional Foodbank</a> • <a href=""https://antirecidivism.org/"" style=""color: blue",Puffco,false,0,out-of-stock,850068033362,,draft,,,,age-restricted,,,,,,21,Merch,,,,,,,,,,
Professional Bucket Hat,professional-bucket-hat,high-end-vaporizers,40,,https://cdn.shopify.com/s/files/1/0319/5549/files/Puffco_Merch_Professional_Bucket-Hat_900x1200_29484bbf-7b4a-45af-8eef-cc27f4ab2347.png?v=1759359950,"Dress for the job you want. - Heavy duty cotton canvas - Flat top - White, flat embroidery",Puffco,false,0,out-of-stock,810028449312,,draft,,,,age-restricted,,,,,,21,Merch,,,,,,,,,,
Hash Heads Hat - Stone,hash-heads-hat-stone,high-end-vaporizers,35,,https://cdn.shopify.com/s/files/1/0319/5549/files/Puffco_Merch_Hash-Heads_Hat_Stone_900x1200_2a01fecf-5ee4-4942-a611-4d063d9d1496.png?v=1759359835,"This one’s for the hash heads. No cap. Available in Black &amp; Stone colorways. - 100% Ecowash cotton twill - Unstructured sixpanel, lowprofile - Permacurv® visor - Triglide buckle for easier adjustment",Puffco,false,0,out-of-stock,810028445659,,draft,,,,age-restricted,,,,,,21,Merch,,,,,,,,,,
Hash Heads Hat - Black,hash-heads-hat-black,high-end-vaporizers,35,,https://cdn.shopify.com/s/files/1/0319/5549/products/hats_0005_main-black.png?v=1759359835,"This one’s for the hash heads. No cap. Available in Black &amp; Stone colorways. - 100% Ecowash cotton twill - Unstructured sixpanel, lowprofile - Permacurv® visor - Triglide buckle for easier adjustment",Puffco,false,0,out-of-stock,810028445642,,draft,,,,age-restricted,,,,,,21,Merch,,,,,,,,,,
Dad Hat - Black,dad-hat-black,high-end-vaporizers,35,,https://cdn.shopify.com/s/files/1/0319/5549/products/Hats_0003_Layer-Comp-4.png?v=1759359848,"- 100% cotton chino twill - Unstructured, low-profile, six-panel - Buckle closure with grommet",Puffco,false,0,out-of-stock,850002061796,,draft,,,,age-restricted,,,,,,21,Merch,,,,,,,,,,
Dad Hat - Stone,dad-hat-stone,high-end-vaporizers,35,,https://cdn.shopify.com/s/files/1/0319/5549/products/Stone4.png?v=1759359848,"- 100% cotton chino twill - Unstructured, low-profile, six-panel - Buckle closure with grommet",Puffco,false,0,out-of-stock,850002061802,,draft,,,,age-restricted,,,,,,21,Merch,,,,,,,,,,
Dad Hat - Orange,dad-hat-orange,high-end-vaporizers,35,,https://cdn.shopify.com/s/files/1/0319/5549/files/Puffco_Merch_Orange_Hat_900x1200_31cb814c-89f5-43a5-8272-fb0f3cbbd961.png?v=1759359848,"- 100% cotton chino twill - Unstructured, low-profile, six-panel - Buckle closure with grommet",Puffco,false,0,out-of-stock,810028440562,,draft,,,,age-restricted,,,,,,21,Merch,,,,,,,,,,
Cupsy/Budsy Bowl & Tether - Single Pack,cupsy-budsy-bowl-tether-single-pack,high-end-vaporizers,5,,https://cdn.shopify.com/s/files/1/0319/5549/products/budsybowl_0000_Layer-Comp-1_1.png?v=1629494109,"For stealthy smoking. The Cupsy Bowl is a ceramic flower bowl with a silicone tab for safe handling. When you’re done sparking up, the Cupsy Bowl and tab tuck away, sealing your water and herb in the hidden compartment for maximum discretion.",Puffco,false,0,out-of-stock,810028441071,,draft,,,,age-restricted,,,,,,21,Accessory,,,,,,,,,,
Cupsy/Budsy Bowl & Tether - 3-Pack,cupsy-budsy-bowl-tether-3-pack,high-end-vaporizers,13,,https://cdn.shopify.com/s/files/1/0319/5549/products/budsybowl_0000_Layer-Comp-1_1.png?v=1629494109,"For stealthy smoking. The Cupsy Bowl is a ceramic flower bowl with a silicone tab for safe handling. When you’re done sparking up, the Cupsy Bowl and tab tuck away, sealing your water and herb in the hidden compartment for maximum discretion.",Puffco,false,0,out-of-stock,810028443280,,draft,,,,age-restricted,,,,,,21,Accessory,,,,,,,,,,